location_id,year,subregion,elevation_m,latitude,longitude,heat_days_30,heat_days_35,heat_days_38,max_summer_tmax,mean_summer_tmax,heatwave_max_streak,gdd_growing_season,spring_frost_days,spring_severe_frost_days,min_spring_tmin,annual_precip_mm,summer_precip_mm,dry_days,max_consecutive_dry_days,climate_stress_year,tc_vpd_summer_mean,tc_vpd_growing_mean,tc_def_summer_sum,tc_def_growing_sum,tc_soil_summer_min,tc_soil_growing_min,tc_ppt_summer_sum,tc_ppt_growing_sum,heat_trigger,frost_trigger,drought_trigger,model_stress_probability
BC01,1995,Baixo Corgo,145,41.1645,-7.912,12,1,0,35.3,25.38369565217391,1,1450.3000000000002,1,1,-2.3,1422.4,95.7,246,41,1,1.25,0.9942857142857144,356.8,448.5,16.7,14.4,77.70000000000002,351.3,0,0,0,0.4595080775258695
BC01,1996,Baixo Corgo,145,41.1645,-7.912,15,0,0,32.1,25.071739130434786,0,1248.9,8,1,-2.3,1466.9,52.3,225,20,0,1.2733333333333332,0.9257142857142858,352.20000000000005,408.1,22.4,18.4,36.3,326.20000000000005,0,0,0,0.1680263157894737
BC01,1997,Baixo Corgo,145,41.1645,-7.912,10,0,0,31.9,22.51086956521739,0,1312.8,0,0,2.8,1554.5,233.9,221,40,0,0.8933333333333334,0.8242857142857142,149.60000000000002,230.1,28.1,22.0,179.20000000000002,665.6,0,0,0,0.06666666666666667
BC01,1998,Baixo Corgo,145,41.1645,-7.912,19,0,0,34.5,25.975,0,1331.3,2,0,-0.8,1031.6,91.6,258,26,0,1.2833333333333332,0.8685714285714285,304.3,316.7,23.8,23.8,74.60000000000001,592.8,0,0,0,0.08102941176470588
BC01,1999,Baixo Corgo,145,41.1645,-7.912,7,0,0,32.7,24.516304347826093,0,1213.3,1,0,-0.2,1273.9,118.7,241,26,0,1.0933333333333335,0.8028571428571428,289.7,301.3,22.5,22.5,81.1,747.7,0,0,0,0.023529411764705882
BC01,2000,Baixo Corgo,145,41.1645,-7.912,10,0,0,31.4,24.090217391304343,0,1182.8,3,0,-1.2,1600.8000000000002,84.6,231,30,0,1.1733333333333336,0.8414285714285714,314.1,367.0,22.700000000000003,18.6,47.900000000000006,611.6,0,0,0,0.06666666666666667
BC01,2001,Baixo Corgo,145,41.1645,-7.912,11,0,0,33.1,24.10108695652174,0,1270.9,1,0,-0.4,1619.3999999999996,99.7,244,42,1,1.0666666666666669,0.8814285714285715,316.0,410.7000000000001,21.6,17.900000000000002,65.30000000000001,452.3,0,0,1,0.5095428683162047
BC01,2002,Baixo Corgo,145,41.1645,-7.912,5,0,0,31.3,24.11195652173913,0,1172.3000000000002,3,0,-1.6,1392.8,70.0,236,19,0,1.09,0.812857142857143,331.9,372.4,20.8,20.8,58.7,506.4,0,0,0,0.03636363636363636
BC01,2003,Baixo Corgo,145,41.1645,-7.912,21,0,0,34.7,25.277173913043484,0,1370.5,0,0,0.8,1346.0,156.8,240,16,0,1.1566666666666665,0.9314285714285714,305.6,428.9,18.6,15.8,104.6,569.0,0,0,0,0.19075358851674643
BC01,2004,Baixo Corgo,145,41.1645,-7.912,7,0,0,32.1,24.83043478260869,0,1333.8,4,2,-4.9,851.6999999999999,162.2,274,29,0,1.163333333333333,0.9185714285714284,311.59999999999997,417.1,20.6,17.2,99.4,492.8,0,0,0,0.1680263157894737
BC01,2005,Baixo Corgo,145,41.1645,-7.912,24,0,0,34.4,26.963043478260875,0,1503.0,9,5,-5.1,839.2,36.5,277,39,1,1.55,1.1114285714285714,418.0,520.9000000000001,21.700000000000003,17.900000000000002,27.500000000000004,466.2000000000001,0,1,0,0.9826086956521738
BC01,2006,Baixo Corgo,145,41.1645,-7.912,25,0,0,33.9,26.055434782608696,0,1508.4,4,2,-3.4,1375.5,106.8,256,28,0,1.413333333333333,1.042857142857143,357.6,423.1,18.6,18.2,92.1,605.0000000000001,0,0,0,0.2656308662778114
BC01,2007,Baixo Corgo,145,41.1645,-7.912,5,0,0,33.0,22.82282608695652,0,1209.8000000000002,3,0,-0.8,733.0,150.5,265,26,0,1.0333333333333334,0.9214285714285714,263.4,392.4,25.4,17.0,112.9,331.5,0,0,0,0.12416666666666668
BC01,2008,Baixo Corgo,145,41.1645,-7.912,7,0,0,32.7,23.39021739130435,0,1080.4,3,1,-2.6,1030.4,70.5,250,15,0,1.0166666666666668,0.8014285714285714,288.6,324.20000000000005,22.700000000000003,16.7,45.400000000000006,511.1,0,0,0,0.023529411764705882
BC01,2009,Baixo Corgo,145,41.1645,-7.912,11,0,0,31.5,24.35217391304348,0,1357.2,1,0,-0.5,1327.6,137.10000000000002,249,33,0,1.1133333333333333,0.9828571428571428,314.4,476.6,17.900000000000002,15.3,95.9,369.8,0,0,0,0.12416666666666668
BC01,2010,Baixo Corgo,145,41.1645,-7.912,23,0,0,34.2,26.31195652173913,0,1439.8000000000002,8,5,-3.5,1331.8000000000002,76.4,240,45,1,1.4533333333333334,1.072857142857143,369.5,485.3,20.700000000000003,17.3,70.30000000000001,438.0,0,1,1,0.9826086956521738
BC01,2011,Baixo Corgo,145,41.1645,-7.912,7,0,0,33.8,24.27608695652173,0,1506.4,5,2,-2.3,999.9,49.5,263,37,0,1.18,1.0571428571428574,374.0,473.9,20.5,17.1,41.6,365.1,0,0,0,0.12416666666666668
BC01,2012,Baixo Corgo,145,41.1645,-7.912,9,0,0,32.8,23.344565217391303,0,1212.1,3,0,-0.8,887.5999999999999,83.4,254,47,1,1.04,0.86,278.20000000000005,328.00000000000006,24.6,19.9,62.0,504.50000000000006,0,0,1,0.7080421124199933
BC01,2013,Baixo Corgo,145,41.1645,-7.912,24,2,0,35.4,25.972826086956523,2,1415.9,6,2,-3.2,1423.7000000000005,39.5,247,33,1,1.4733333333333334,1.0857142857142856,405.2000000000001,470.6,20.700000000000003,17.3,34.0,449.9,0,0,0,0.7335775990430307
BC01,2014,Baixo Corgo,145,41.1645,-7.912,3,0,0,30.2,23.376086956521743,0,1292.7,1,0,-1.1,1691.4,110.5,214,24,0,1.0333333333333334,0.8542857142857143,292.90000000000003,316.0,21.8,21.8,79.50000000000001,583.5,0,0,0,0.1143302891856414
BC01,2015,Baixo Corgo,145,41.1645,-7.912,12,0,0,32.7,25.695652173913043,0,1402.4,3,0,-0.9,898.9000000000001,60.6,269,38,0,1.27,1.0014285714285711,379.6,433.0,18.7,16.5,54.7,499.7000000000001,0,0,0,0.1294941348973607
BC01,2016,Baixo Corgo,145,41.1645,-7.912,27,0,0,34.2,26.53152173913043,0,1456.8,5,0,-1.3,1513.8000000000002,53.7,246,41,0,1.47,1.0514285714285714,350.6,426.4,22.9,18.8,44.900000000000006,586.3000000000001,0,0,0,0.49510462779611836
BC01,2017,Baixo Corgo,145,41.1645,-7.912,27,1,0,35.0,26.57608695652174,1,1689.8000000000002,1,0,-1.4,685.4,38.8,284,50,1,1.3233333333333333,1.1514285714285712,397.3,575.4,18.1,13.5,54.8,214.8,0,0,1,0.9826086956521738
BC01,2018,Baixo Corgo,145,41.1645,-7.912,20,4,0,37.4,25.219565217391303,4,1528.1,2,0,-1.6,1133.4,143.3,243,50,1,1.0833333333333333,0.9485714285714284,245.1,359.6000000000001,25.5,19.8,130.60000000000002,423.6,0,0,1,1.0
BC01,2019,Baixo Corgo,145,41.1645,-7.912,8,0,0,33.0,24.32282608695652,0,1377.5,1,0,-0.1,1316.8000000000002,111.6,247,20,0,1.0366666666666668,0.9014285714285716,312.20000000000005,441.1,18.6,15.8,76.80000000000001,446.0,0,0,0,0.08102941176470588
BC01,2020,Baixo Corgo,145,41.1645,-7.912,35,0,0,34.7,26.039130434782606,0,1517.4,0,0,0.1,1023.3,46.0,239,26,0,1.3099999999999998,1.0142857142857145,362.4,434.3,21.4,17.7,49.6,487.4,0,0,0,0.08102941176470588
BC01,2021,Baixo Corgo,145,41.1645,-7.912,14,0,0,33.8,25.142391304347825,0,1366.1,0,0,0.8,1083.8,69.10000000000001,255,25,0,1.15,0.91,328.6,354.20000000000005,21.6,21.6,66.4,491.80000000000007,0,0,0,0.04395604395604395
BC01,2022,Baixo Corgo,145,41.1645,-7.912,47,7,1,38.4,28.10978260869565,4,1727.8000000000002,5,0,-0.4,1074.8,88.5,246,51,1,1.4366666666666668,1.092857142857143,374.5,444.2,18.6,15.8,74.30000000000001,491.2000000000001,0,0,1,1.0
BC01,2023,Baixo Corgo,145,41.1645,-7.912,19,4,1,38.1,26.528260869565216,3,1669.1,3,1,-2.8,1221.8000000000002,107.3,243,30,1,1.18,0.98,322.79999999999995,387.2999999999999,18.4,18.4,111.5,652.4000000000001,0,0,0,0.8267736718967897
BC01,2024,Baixo Corgo,145,41.1645,-7.912,24,5,0,37.5,26.871739130434783,2,1536.1,0,0,1.2,1172.5,78.69999999999999,234,38,1,1.2,0.9228571428571428,310.70000000000005,371.5,23.4,19.1,86.89999999999999,525.7,0,0,0,0.5383931079122133
BC02,1995,Baixo Corgo,285,41.1382,-7.9015,32,1,1,38.1,28.00326086956522,1,1986.3,0,0,0.9,1422.4,95.7,246,41,0,1.25,0.9942857142857144,356.8,448.5,16.7,14.4,77.70000000000002,351.3,0,0,0,0.29641481225921446
BC02,1996,Baixo Corgo,285,41.1382,-7.9015,32,0,0,34.6,27.69347826086956,0,1773.9999999999998,0,0,0.4,1466.9,52.3,225,20,0,1.2733333333333332,0.9257142857142858,352.20000000000005,408.1,22.4,18.4,36.3,326.20000000000005,0,0,0,0.12416666666666668
BC02,1997,Baixo Corgo,285,41.1382,-7.9015,19,0,0,34.4,25.12391304347826,0,1850.3,0,0,5.7,1554.5,233.9,221,40,0,0.8933333333333334,0.8242857142857142,149.60000000000002,230.1,28.1,22.0,179.20000000000002,665.6,0,0,0,0.06666666666666667
BC02,1998,Baixo Corgo,285,41.1382,-7.9015,43,7,0,36.9,28.59130434782609,6,1837.8,0,0,1.6,1031.6,91.6,258,26,1,1.2833333333333332,0.8685714285714285,304.3,316.7,23.8,23.8,74.60000000000001,592.8,0,0,0,0.6454549183900783
BC02,1999,Baixo Corgo,285,41.1382,-7.9015,25,1,0,35.3,27.239130434782613,1,1748.2000000000005,0,0,2.3,1273.9,118.7,241,26,0,1.0933333333333335,0.8028571428571428,289.7,301.3,22.5,22.5,81.1,747.7,0,0,0,0.03636363636363636
BC02,2000,Baixo Corgo,285,41.1382,-7.9015,30,0,0,33.9,26.75869565217392,0,1682.1,0,0,1.5,1600.8000000000002,84.6,231,30,0,1.1733333333333336,0.8414285714285714,314.1,367.0,22.700000000000003,18.6,47.900000000000006,611.6,0,0,0,0.03636363636363636
BC02,2001,Baixo Corgo,285,41.1382,-7.9015,30,1,0,35.7,26.801086956521736,1,1800.6,0,0,2.3,1619.3999999999996,99.7,244,42,1,1.0666666666666669,0.8814285714285715,316.0,410.7000000000001,21.6,17.900000000000002,65.30000000000001,452.3,0,0,1,0.5165115363071691
BC02,2002,Baixo Corgo,285,41.1382,-7.9015,21,0,0,34.0,26.81086956521739,0,1688.4000000000003,0,0,1.3,1392.8,70.0,236,19,0,1.09,0.812857142857143,331.9,372.4,20.8,20.8,58.7,506.4,0,0,0,0.023529411764705882
BC02,2003,Baixo Corgo,285,41.1382,-7.9015,40,12,0,37.3,27.971739130434784,7,1900.5,0,0,3.5,1346.0,156.8,240,16,1,1.1566666666666665,0.9314285714285714,305.6,428.9,18.6,15.8,104.6,569.0,0,0,0,0.9603174603174605
BC02,2004,Baixo Corgo,285,41.1382,-7.9015,21,0,0,34.8,27.533695652173908,0,1841.2,2,0,-2.0,851.6999999999999,162.2,274,29,0,1.163333333333333,0.9185714285714284,311.59999999999997,417.1,20.6,17.2,99.4,492.8,0,0,0,0.12416666666666668
BC02,2005,Baixo Corgo,285,41.1382,-7.9015,52,7,0,37.2,29.642391304347825,3,2038.1,5,1,-2.5,839.2,36.5,277,39,1,1.55,1.1114285714285714,418.0,520.9000000000001,21.700000000000003,17.900000000000002,27.500000000000004,466.2000000000001,0,0,0,0.9668764867751761
BC02,2006,Baixo Corgo,285,41.1382,-7.9015,47,6,0,36.4,28.65652173913043,3,2056.6000000000004,1,0,-0.6,1375.5,106.8,256,28,0,1.413333333333333,1.042857142857143,357.6,423.1,18.6,18.2,92.1,605.0000000000001,0,0,0,0.34027446138202155
BC02,2007,Baixo Corgo,285,41.1382,-7.9015,20,1,0,35.7,25.50434782608696,1,1736.8000000000002,0,0,1.4,733.0,150.5,265,26,0,1.0333333333333334,0.9214285714285714,263.4,392.4,25.4,17.0,112.9,331.5,0,0,0,0.1468939393939394
BC02,2008,Baixo Corgo,285,41.1382,-7.9015,19,1,0,35.0,26.10869565217392,1,1602.7,0,0,0.6,1030.4,70.5,250,15,0,1.0166666666666668,0.8014285714285714,288.6,324.20000000000005,22.700000000000003,16.7,45.400000000000006,511.1,0,0,0,0.015384615384615385
BC02,2009,Baixo Corgo,285,41.1382,-7.9015,34,0,0,34.0,27.094565217391303,0,1876.6,0,0,2.1,1327.6,137.10000000000002,249,33,0,1.1133333333333333,0.9828571428571428,314.4,476.6,17.900000000000002,15.3,95.9,369.8,0,0,0,0.12416666666666668
BC02,2010,Baixo Corgo,285,41.1382,-7.9015,50,4,0,36.6,28.927173913043475,2,1960.6000000000004,2,0,-0.8,1331.8000000000002,76.4,240,45,1,1.4533333333333334,1.072857142857143,369.5,485.3,20.700000000000003,17.3,70.30000000000001,438.0,0,0,1,0.8708437761069341
BC02,2011,Baixo Corgo,285,41.1382,-7.9015,30,3,0,36.1,26.939130434782605,2,2063.4,0,0,0.4,999.9,49.5,263,37,0,1.18,1.0571428571428574,374.0,473.9,20.5,17.1,41.6,365.1,0,0,0,0.08102941176470588
BC02,2012,Baixo Corgo,285,41.1382,-7.9015,31,2,0,35.6,26.15217391304348,1,1705.6,0,0,1.8,887.5999999999999,83.4,254,47,1,1.04,0.86,278.20000000000005,328.00000000000006,24.6,19.9,62.0,504.50000000000006,0,0,1,0.65027242836465
BC02,2013,Baixo Corgo,285,41.1382,-7.9015,46,8,0,37.8,28.625,5,1922.1,1,0,-0.7,1423.7000000000005,39.5,247,33,1,1.4733333333333334,1.0857142857142856,405.2000000000001,470.6,20.700000000000003,17.3,34.0,449.9,0,0,0,0.8201642327771784
BC02,2014,Baixo Corgo,285,41.1382,-7.9015,19,0,0,32.8,26.079347826086963,0,1830.2,0,0,1.3,1691.4,110.5,214,24,0,1.0333333333333334,0.8542857142857143,292.90000000000003,316.0,21.8,21.8,79.50000000000001,583.5,0,0,0,0.06666666666666667
BC02,2015,Baixo Corgo,285,41.1382,-7.9015,34,1,0,35.5,28.42934782608696,1,1964.5,0,0,2.0,898.9000000000001,60.6,269,38,0,1.27,1.0014285714285711,379.6,433.0,18.7,16.5,54.7,499.7000000000001,0,0,0,0.1294941348973607
BC02,2016,Baixo Corgo,285,41.1382,-7.9015,56,11,0,36.7,29.180434782608696,3,1979.9,0,0,1.8,1513.8000000000002,53.7,246,41,1,1.47,1.0514285714285714,350.6,426.4,22.9,18.8,44.900000000000006,586.3000000000001,0,0,0,0.8708437761069341
BC02,2017,Baixo Corgo,285,41.1382,-7.9015,43,6,0,36.7,28.296739130434784,3,2055.5,0,0,0.4,685.4,38.8,284,50,1,1.3233333333333333,1.1514285714285712,397.3,575.4,18.1,13.5,54.8,214.8,0,0,1,0.9833333333333332
BC02,2018,Baixo Corgo,285,41.1382,-7.9015,38,4,2,39.1,26.942391304347822,4,1864.4,0,0,0.1,1133.4,143.3,243,50,1,1.0833333333333333,0.9485714285714284,245.1,359.6000000000001,25.5,19.8,130.60000000000002,423.6,0,0,1,1.0
BC02,2019,Baixo Corgo,285,41.1382,-7.9015,23,0,0,34.7,26.042391304347827,0,1725.1,0,0,1.6,1316.8000000000002,111.6,247,20,0,1.0366666666666668,0.9014285714285716,312.20000000000005,441.1,18.6,15.8,76.80000000000001,446.0,0,0,0,0.08636363636363636
BC02,2020,Baixo Corgo,285,41.1382,-7.9015,47,4,0,36.4,27.77065217391305,1,1883.3,0,0,1.8,1023.3,46.0,239,26,0,1.3099999999999998,1.0142857142857145,362.4,434.3,21.4,17.7,49.6,487.4,0,0,0,0.1294941348973607
BC02,2021,Baixo Corgo,285,41.1382,-7.9015,27,2,0,35.5,26.867391304347827,1,1730.3,0,0,2.5,1083.8,69.10000000000001,255,25,0,1.15,0.91,328.6,354.20000000000005,21.6,21.6,66.4,491.80000000000007,0,0,0,0.08102941176470588
BC02,2022,Baixo Corgo,285,41.1382,-7.9015,59,17,6,40.1,29.83478260869565,6,2082.7,0,0,1.3,1074.8,88.5,246,51,1,1.4366666666666668,1.092857142857143,374.5,444.2,18.6,15.8,74.30000000000001,491.2000000000001,1,0,1,1.0
BC02,2023,Baixo Corgo,285,41.1382,-7.9015,38,5,3,39.8,28.25434782608696,3,2038.5,1,0,-1.1,1221.8000000000002,107.3,243,30,0,1.18,0.98,322.79999999999995,387.2999999999999,18.4,18.4,111.5,652.4000000000001,0,0,0,0.4971604969081958
BC02,2024,Baixo Corgo,285,41.1382,-7.9015,40,5,1,39.2,28.59782608695652,2,1890.0,0,0,2.9,1172.5,78.69999999999999,234,38,0,1.2,0.9228571428571428,310.70000000000005,371.5,23.4,19.1,86.89999999999999,525.7,0,0,0,0.45431826231181205
BC03,1995,Baixo Corgo,110,41.1748,-7.7905,38,1,1,38.8,28.77391304347826,1,2130.8,0,0,1.6,1069.7000000000005,94.4,254,40,0,1.1266666666666667,0.9414285714285714,350.4,447.5,13.6,11.8,77.7,349.5,0,0,0,0.07288461538461538
BC03,1996,Baixo Corgo,110,41.1748,-7.7905,41,2,0,35.4,28.53260869565218,2,1922.6,0,0,0.6,1198.1,47.6,230,17,0,1.1666666666666667,0.8757142857142856,347.8,400.2999999999999,19.4,15.9,38.8,328.7,0,0,0,0.060526315789473685
BC03,1997,Baixo Corgo,110,41.1748,-7.7905,27,2,0,35.5,25.90978260869565,2,2008.5,0,0,6.1,1216.6999999999998,192.5,232,41,0,0.7866666666666667,0.78,151.8,232.6,24.0,18.8,171.4,655.0,0,0,0,0.015384615384615385
BC03,1998,Baixo Corgo,110,41.1748,-7.7905,53,11,2,38.1,29.40217391304348,6,1970.2,0,0,1.9,788.1,77.19999999999999,263,26,0,1.1666666666666667,0.8157142857142857,307.20000000000005,317.40000000000003,19.5,19.5,70.1,586.1,0,0,0,0.1468939393939394
BC03,1999,Baixo Corgo,110,41.1748,-7.7905,36,3,0,36.2,27.992391304347827,1,1885.6,0,0,2.7,963.1,97.0,259,28,0,0.99,0.7557142857142859,290.4,300.3,19.4,19.4,79.7,748.2,0,0,0,0.015384615384615385
BC03,2000,Baixo Corgo,110,41.1748,-7.7905,36,1,0,34.8,27.55978260869565,1,1821.9,0,0,2.6,1217.4,52.7,241,30,0,1.07,0.7928571428571428,319.8,371.0,19.6,16.1,41.7,603.1,0,0,0,0.010526315789473684
BC03,2001,Baixo Corgo,110,41.1748,-7.7905,39,3,0,36.4,27.65869565217391,2,1946.1,0,0,3.0,1217.1999999999998,85.00000000000001,255,42,0,0.9666666666666668,0.8314285714285715,321.1,409.2,18.1,15.1,64.30000000000001,447.6,0,0,0,0.06802631578947368
BC03,2002,Baixo Corgo,110,41.1748,-7.7905,27,0,0,34.6,27.62173913043478,0,1831.5,0,0,0.8,1098.0,57.3,242,20,0,0.9866666666666668,0.7614285714285715,334.6,374.6,17.400000000000002,17.400000000000002,56.00000000000001,514.4000000000001,0,0,0,0.0
BC03,2003,Baixo Corgo,110,41.1748,-7.7905,48,17,3,38.3,28.81086956521739,14,2050.9,0,0,4.4,1072.4,125.3,249,29,1,1.0566666666666666,0.8857142857142859,302.1,429.4,16.1,13.7,101.3,575.2,0,0,0,0.9603174603174605
BC03,2004,Baixo Corgo,110,41.1748,-7.7905,34,2,0,35.7,28.37391304347825,2,1990.4,2,1,-2.1,617.0,102.4,282,27,0,1.0599999999999998,0.8728571428571428,320.9,422.0,17.1,14.4,90.6,475.1,0,0,0,0.08102941176470588
BC03,2005,Baixo Corgo,110,41.1748,-7.7905,58,10,0,37.6,30.50543478260869,3,2184.6,5,2,-2.3,659.8,24.3,284,39,0,1.46,1.0742857142857145,426.2000000000001,527.4000000000001,18.3,15.2,25.5,471.1,0,0,0,0.8548437761069341
BC03,2006,Baixo Corgo,110,41.1748,-7.7905,55,9,0,37.7,29.52173913043478,4,2209.1000000000004,0,0,-0.0,1075.9,93.4,260,27,0,1.2933333333333334,0.9871428571428572,349.6,422.1,16.1,16.1,91.6,619.0,0,0,0,0.24615681432319803
BC03,2007,Baixo Corgo,110,41.1748,-7.7905,26,3,0,37.0,26.310869565217395,2,1884.6,0,0,2.1,562.1,105.7,279,46,1,0.9333333333333332,0.8714285714285716,269.20000000000005,385.4,20.700000000000003,14.2,103.90000000000002,334.50000000000006,0,0,1,0.810984126984127
BC03,2008,Baixo Corgo,110,41.1748,-7.7905,25,1,0,36.5,26.89130434782609,1,1746.4,0,0,0.5,781.5000000000001,41.3,252,17,0,0.9233333333333332,0.7599999999999999,294.6,323.20000000000005,19.6,14.5,40.8,500.6,0,0,0,0.0
BC03,2009,Baixo Corgo,110,41.1748,-7.7905,41,3,0,35.1,27.938043478260862,1,2018.1,0,0,2.7,983.0,91.2,259,33,0,1.0266666666666666,0.9485714285714286,322.1,494.4,15.2,13.0,84.5,354.1,0,0,0,0.06802631578947368
BC03,2010,Baixo Corgo,110,41.1748,-7.7905,63,13,0,37.7,29.72826086956522,5,2105.6,1,0,-0.4,1098.4,65.60000000000001,250,45,1,1.3233333333333333,1.0071428571428571,363.5,471.7,17.7,14.8,68.89999999999999,448.6,0,0,1,0.8820239003305363
BC03,2011,Baixo Corgo,110,41.1748,-7.7905,44,6,0,37.5,27.73260869565218,2,2211.2,0,0,0.6,826.9000000000001,47.2,271,24,0,1.0766666666666669,1.0057142857142858,370.0,462.2000000000001,17.2,14.5,44.3,379.7999999999999,0,0,0,0.07288461538461538
BC03,2012,Baixo Corgo,110,41.1748,-7.7905,40,4,0,36.2,26.89673913043478,2,1833.9,0,0,2.3,676.3,56.7,265,30,0,0.96,0.8185714285714285,289.30000000000007,338.80000000000007,19.5,16.0,56.6,494.80000000000007,0,0,0,0.010526315789473684
BC03,2013,Baixo Corgo,110,41.1748,-7.7905,57,13,3,38.8,29.45108695652174,6,2059.3,1,0,-0.2,1043.0,28.6,258,38,0,1.356666666666667,1.0257142857142856,409.0,468.2000000000001,17.2,14.5,30.5,442.0,0,0,0,0.8548437761069341
BC03,2014,Baixo Corgo,110,41.1748,-7.7905,23,1,0,34.1,26.91195652173913,1,1985.2000000000005,0,0,2.2,1291.1999999999998,68.00000000000001,232,24,0,0.9466666666666668,0.8142857142857143,304.8,326.2,18.7,18.7,68.5,572.9,0,0,0,0.0
BC03,2015,Baixo Corgo,110,41.1748,-7.7905,49,4,0,36.4,29.2695652173913,2,2106.9000000000005,0,0,2.3,680.2,57.6,281,37,0,1.1733333333333331,0.9571428571428572,372.8,437.2,15.9,13.6,56.8,495.5,0,0,0,0.06802631578947368
BC03,2016,Baixo Corgo,110,41.1748,-7.7905,63,15,1,37.5,30.0,5,2122.3,0,0,2.2,1214.8,45.4,245,40,1,1.3533333333333335,0.9928571428571428,351.40000000000003,422.7000000000001,19.6,16.1,43.900000000000006,599.7,0,0,0,0.8708437761069341
BC03,2017,Baixo Corgo,110,41.1748,-7.7905,65,16,3,38.8,30.41195652173913,6,2354.0,0,0,0.9,548.1,27.1,298,49,1,1.2266666666666668,1.112857142857143,396.7000000000001,576.9,14.1,10.8,55.6,211.2,0,0,1,0.9828919108350368
BC03,2018,Baixo Corgo,110,41.1748,-7.7905,63,12,4,41.3,29.05869565217392,6,2152.0,0,0,1.9,907.5,106.1,258,46,1,0.9666666666666668,0.8971428571428571,245.6,353.6,21.5,17.3,131.5,423.7000000000001,0,0,1,0.9826086956521738
BC03,2019,Baixo Corgo,110,41.1748,-7.7905,52,4,0,37.8,28.50434782608696,2,2017.2,0,0,1.9,908.6,77.9,262,27,0,0.95,0.8642857142857142,310.30000000000007,447.7999999999999,16.1,13.7,74.60000000000001,427.0,0,0,0,0.060526315789473685
BC03,2020,Baixo Corgo,110,41.1748,-7.7905,67,17,1,39.4,30.05326086956521,3,2179.9,0,0,3.9,806.7,33.099999999999994,254,34,1,1.2133333333333334,0.9671428571428572,367.5,430.8,18.1,15.1,45.1,491.4,0,0,0,0.24968325791855203
BC03,2021,Baixo Corgo,110,41.1748,-7.7905,45,7,0,37.7,29.26630434782609,2,2041.0,0,0,3.3,791.4000000000001,54.2,266,29,0,1.0566666666666666,0.8671428571428572,333.1,359.79999999999995,18.1,18.1,65.3,491.6,0,0,0,0.06802631578947368
BC03,2022,Baixo Corgo,110,41.1748,-7.7905,76,39,15,43.6,32.542391304347824,12,2429.0000000000005,0,0,1.3,855.3,65.0,255,49,1,1.3633333333333333,1.0757142857142858,370.80000000000007,455.7000000000001,16.1,13.7,72.7,481.00000000000006,1,0,1,1.0
BC03,2023,Baixo Corgo,110,41.1748,-7.7905,71,12,4,42.4,30.52173913043478,5,2355.8,0,0,1.6,947.2,69.69999999999999,258,30,0,1.0766666666666669,0.9371428571428572,318.70000000000005,390.1,15.1,15.1,109.9,648.7,0,0,0,0.4774209832304866
BC03,2024,Baixo Corgo,110,41.1748,-7.7905,59,15,5,41.2,30.94347826086956,4,2174.9,0,0,2.1,895.9000000000001,50.900000000000006,252,65,1,1.096666666666667,0.87,313.4,370.5,18.7,15.5,85.2,520.9,1,0,1,0.9833333333333332
BC04,1995,Baixo Corgo,210,41.151,-7.7823,44,3,1,39.2,29.22391304347826,1,2230.4,0,0,2.1,1069.7000000000005,94.4,254,40,0,1.13,0.9528571428571428,351.9,459.1,13.4,11.7,78.5,347.90000000000003,0,0,0,0.10375668449197861
BC04,1996,Baixo Corgo,210,41.151,-7.7823,43,5,0,35.9,28.98152173913044,4,2023.6,0,0,1.0,1198.1,47.6,230,17,0,1.1700000000000002,0.8842857142857143,351.7,406.9,19.1,15.7,38.900000000000006,326.90000000000003,0,0,0,0.10375668449197861
BC04,1997,Baixo Corgo,210,41.151,-7.7823,32,3,0,35.9,26.365217391304352,2,2110.6,0,0,6.5,1216.6999999999998,192.5,232,41,0,0.7966666666666667,0.7928571428571428,160.1,241.6,23.1,18.3,171.5,654.3000000000001,0,0,0,0.08102941176470588
BC04,1998,Baixo Corgo,210,41.151,-7.7823,56,13,3,38.5,29.845652173913045,6,2068.4,0,0,2.4,788.1,77.19999999999999,263,26,0,1.1700000000000002,0.8271428571428572,307.70000000000005,317.1,19.3,19.3,71.5,581.2,0,0,0,0.15979716520039103
BC04,1999,Baixo Corgo,210,41.151,-7.7823,40,4,0,36.6,28.43913043478261,2,1984.8,0,0,3.1,963.1,97.0,259,28,0,0.9966666666666666,0.7657142857142857,295.6,306.30000000000007,19.200000000000003,19.200000000000003,78.80000000000001,738.0,0,0,0,0.06538461538461539
BC04,2000,Baixo Corgo,210,41.151,-7.7823,42,4,0,35.3,28.017391304347825,1,1921.4,0,0,3.0,1217.4,52.7,241,30,0,1.08,0.8071428571428572,324.3,377.6,19.3,15.9,40.8,592.2,0,0,0,0.010526315789473684
BC04,2001,Baixo Corgo,210,41.151,-7.7823,45,6,0,36.8,28.10978260869565,3,2047.0000000000005,0,0,3.4,1217.1999999999998,85.00000000000001,255,42,0,0.9766666666666666,0.8457142857142859,327.20000000000005,420.2000000000001,17.6,14.7,63.900000000000006,444.30000000000007,0,0,0,0.09561188811188812
BC04,2002,Baixo Corgo,210,41.151,-7.7823,32,2,0,35.1,28.071739130434786,1,1931.1,0,0,1.2,1098.0,57.3,242,20,0,1.0,0.7757142857142857,340.5,381.9,17.0,17.0,56.20000000000001,510.1,0,0,0,0.0
BC04,2003,Baixo Corgo,210,41.151,-7.7823,49,20,8,38.7,29.26086956521739,15,2152.3,0,0,4.8,1072.4,125.3,249,29,1,1.0633333333333337,0.8971428571428574,308.20000000000005,439.2000000000001,15.9,13.5,98.8,572.2,1,0,0,0.9701148901687386
BC04,2004,Baixo Corgo,210,41.151,-7.7823,46,2,0,36.2,28.83152173913044,2,2091.8,2,0,-1.7,617.0,102.4,282,27,0,1.0733333333333333,0.8885714285714287,326.1,430.3,16.8,14.1,89.8,474.1,0,0,0,0.08102941176470588
BC04,2005,Baixo Corgo,210,41.151,-7.7823,64,15,1,38.1,30.957608695652176,4,2285.2,3,0,-1.9,659.8,24.3,284,39,0,1.47,1.09,433.3,540.4000000000001,17.7,14.8,25.1,468.0,0,0,0,0.7954416095244945
BC04,2006,Baixo Corgo,210,41.151,-7.7823,58,13,2,38.2,29.96847826086957,5,2311.8000000000006,0,0,0.4,1075.9,93.4,260,27,0,1.3,1.002857142857143,351.0,429.0,15.9,15.9,92.8,616.3,0,0,0,0.35594266414699854
BC04,2007,Baixo Corgo,210,41.151,-7.7823,30,3,0,37.5,26.75869565217392,2,1985.2,0,0,2.5,562.1,105.7,279,46,1,0.94,0.8814285714285716,276.9,395.1,19.8,13.7,102.0,331.3,0,0,1,0.810984126984127
BC04,2008,Baixo Corgo,210,41.151,-7.7823,26,2,0,36.9,27.34239130434782,2,1845.7,0,0,0.9,781.5000000000001,41.3,252,17,0,0.9366666666666664,0.7757142857142857,300.0,331.1,19.3,14.5,40.3,492.7000000000001,0,0,0,0.0
BC04,2009,Baixo Corgo,210,41.151,-7.7823,44,6,0,35.5,28.385869565217387,4,2117.6,0,0,3.1,983.0,91.2,259,33,0,1.04,0.9628571428571427,326.30000000000007,502.80000000000007,14.9,12.8,83.50000000000001,352.00000000000006,0,0,0,0.1294941348973607
BC04,2010,Baixo Corgo,210,41.151,-7.7823,68,15,1,38.2,30.17717391304348,6,2204.5,0,0,0.0,1098.4,65.60000000000001,250,45,1,1.3233333333333333,1.0185714285714285,366.8,478.00000000000006,17.3,14.5,69.4,450.7,0,0,1,0.8786082038659163
BC04,2011,Baixo Corgo,210,41.151,-7.7823,50,6,0,37.9,28.188043478260862,2,2312.6,0,0,1.0,826.9000000000001,47.2,271,24,0,1.0766666666666669,1.0157142857142858,373.6,468.3,16.900000000000002,14.2,44.7,378.0,0,0,0,0.07288461538461538
BC04,2012,Baixo Corgo,210,41.151,-7.7823,43,5,0,36.7,27.348913043478262,2,1932.8,0,0,2.7,676.3,56.7,265,30,0,0.9733333333333336,0.8342857142857143,295.8,349.30000000000007,19.200000000000003,15.8,55.9,490.2,0,0,0,0.010526315789473684
BC04,2013,Baixo Corgo,210,41.151,-7.7823,64,14,4,39.2,29.89130434782609,6,2160.1000000000004,0,0,0.2,1043.0,28.6,258,38,0,1.3633333333333333,1.0371428571428571,414.4,478.9,16.8,14.1,30.1,440.7000000000001,0,0,0,0.8548437761069341
BC04,2014,Baixo Corgo,210,41.151,-7.7823,25,2,0,34.6,27.36630434782609,2,2087.0,0,0,2.7,1291.1999999999998,68.00000000000001,232,24,0,0.9533333333333336,0.8271428571428573,309.70000000000005,331.90000000000003,18.4,18.4,68.0,563.5,0,0,0,0.010526315789473684
BC04,2015,Baixo Corgo,210,41.151,-7.7823,57,7,0,36.9,29.720652173913045,3,2208.0,0,0,2.8,680.2,57.6,281,37,0,1.1833333333333331,0.97,377.8,453.2,15.7,13.4,55.5,488.9,0,0,0,0.09561188811188812
BC04,2016,Baixo Corgo,210,41.151,-7.7823,65,19,1,37.9,30.446739130434786,5,2222.9,0,0,2.6,1214.8,45.4,245,40,1,1.356666666666667,1.0057142857142858,354.5,428.7,19.3,15.9,43.7,591.8000000000001,0,0,0,0.8708437761069341
BC04,2017,Baixo Corgo,210,41.151,-7.7823,74,20,4,39.3,30.863043478260867,7,2455.2,0,0,1.3,548.1,27.1,298,49,1,1.2433333333333334,1.1314285714285717,400.4,586.9,13.8,10.6,56.3,208.9,0,0,1,0.9833333333333332
BC04,2018,Baixo Corgo,210,41.151,-7.7823,66,13,4,41.7,29.51630434782609,6,2250.3,0,0,2.4,907.5,106.1,258,46,1,0.98,0.9085714285714284,251.2,359.5,20.9,16.900000000000002,128.9,419.3,0,0,1,0.9826086956521738
BC04,2019,Baixo Corgo,210,41.151,-7.7823,59,6,1,38.2,28.95543478260869,2,2116.9,0,0,2.3,908.6,77.9,262,27,0,0.9566666666666668,0.8771428571428571,313.0,455.6,15.9,13.5,74.70000000000002,423.0,0,0,0,0.07288461538461538
BC04,2020,Baixo Corgo,210,41.151,-7.7823,71,25,2,39.8,30.50652173913043,4,2281.3,0,0,4.4,806.7,33.099999999999994,254,34,1,1.2233333333333334,0.982857142857143,372.3,438.8,17.8,14.8,45.1,490.4000000000001,0,0,0,0.7722911727211962
BC04,2021,Baixo Corgo,210,41.151,-7.7823,50,12,1,38.1,29.726086956521737,4,2143.0999999999995,0,0,3.7,791.4000000000001,54.2,266,29,0,1.07,0.8857142857142858,337.20000000000005,365.0,17.7,17.7,66.60000000000001,489.00000000000006,0,0,0,0.11665991029843022
BC04,2022,Baixo Corgo,210,41.151,-7.7823,83,43,17,44.0,32.99130434782609,13,2528.5,0,0,1.8,855.3,65.0,255,49,1,1.38,1.092857142857143,376.2000000000001,468.0,15.9,13.5,70.80000000000001,476.4,1,0,1,1.0
BC04,2023,Baixo Corgo,210,41.151,-7.7823,76,17,4,42.9,30.968478260869563,5,2458.4,0,0,2.1,947.2,69.69999999999999,258,30,0,1.0833333333333333,0.9557142857142856,322.90000000000003,395.4,14.7,14.7,109.9,647.1,0,0,0,0.48721214042165134
BC04,2024,Baixo Corgo,210,41.151,-7.7823,68,21,5,41.7,31.393478260869564,9,2276.3,0,0,2.6,895.9000000000001,50.900000000000006,252,65,1,1.1,0.88,318.6,385.8,17.8,14.8,85.5,515.0,1,0,1,1.0
BC05,1995,Baixo Corgo,88,41.183,-7.738,25,1,0,37.3,27.338043478260865,1,1799.7,0,0,0.5,1069.7000000000005,94.4,254,40,0,1.13,0.9328571428571428,360.20000000000005,476.9,12.8,11.2,74.4,328.70000000000005,0,0,0,0.057499999999999996
BC05,1996,Baixo Corgo,88,41.183,-7.738,27,0,0,33.9,27.15543478260869,0,1585.9,4,0,-1.3,1198.1,47.6,230,17,0,1.18,0.8757142857142856,367.5,435.00000000000006,18.1,13.9,36.2,309.80000000000007,0,0,0,0.0
BC05,1997,Baixo Corgo,88,41.183,-7.738,18,0,0,34.4,24.5304347826087,0,1674.7,0,0,4.2,1216.6999999999998,192.5,232,41,0,0.81,0.7814285714285715,189.8,279.2,20.5,16.5,157.9,607.6000000000001,0,0,0,0.010526315789473684
BC05,1998,Baixo Corgo,88,41.183,-7.738,38,5,0,36.8,27.98695652173913,5,1646.5,1,0,-0.1,788.1,77.19999999999999,263,26,0,1.1866666666666668,0.8214285714285714,328.8,344.5,18.4,18.4,66.50000000000001,563.8000000000001,0,0,0,0.15979716520039103
BC05,1999,Baixo Corgo,88,41.183,-7.738,21,0,0,34.8,26.66195652173913,0,1545.8,0,0,0.7,963.1,97.0,259,28,0,1.0166666666666668,0.7614285714285715,314.7,326.8,18.2,18.2,70.6,697.2,0,0,0,0.0
BC05,2000,Baixo Corgo,88,41.183,-7.738,25,0,0,33.6,26.21630434782609,0,1503.1,0,0,0.6,1217.4,52.7,241,30,0,1.086666666666667,0.7971428571428573,337.79999999999995,395.4,18.5,15.2,35.9,578.7,0,0,0,0.0
BC05,2001,Baixo Corgo,88,41.183,-7.738,27,1,0,35.0,26.39565217391304,1,1613.4,0,0,1.6,1217.1999999999998,85.00000000000001,255,42,0,0.9933333333333332,0.8342857142857143,345.90000000000003,443.2000000000001,16.400000000000002,13.8,55.900000000000006,411.6,0,0,0,0.0
BC05,2002,Baixo Corgo,88,41.183,-7.738,17,0,0,33.5,26.311956521739127,0,1501.9,1,0,-1.6,1098.0,57.3,242,20,0,1.0066666666666666,0.7642857142857143,352.20000000000005,395.30000000000007,15.8,15.8,52.5,487.80000000000007,0,0,0,0.0
BC05,2003,Baixo Corgo,88,41.183,-7.738,40,12,0,37.0,27.52173913043477,7,1726.2000000000005,0,0,2.6,1072.4,125.3,249,29,1,1.08,0.8871428571428571,320.50000000000006,458.80000000000007,15.2,12.9,92.70000000000002,547.5999999999999,0,0,0,0.9714975845410627
BC05,2004,Baixo Corgo,88,41.183,-7.738,16,0,0,34.5,27.12173913043478,0,1678.2,2,1,-4.5,617.0,102.4,282,27,0,1.0833333333333333,0.8771428571428571,348.50000000000006,457.2000000000001,15.5,13.1,76.5,433.30000000000007,0,0,0,0.010526315789473684
BC05,2005,Baixo Corgo,88,41.183,-7.738,46,4,0,36.0,29.252173913043475,3,1858.2000000000005,6,3,-4.5,659.8,24.3,284,39,1,1.47,1.0714285714285716,445.7000000000001,556.1,16.7,13.9,23.9,440.2000000000001,0,1,0,0.9833333333333332
BC05,2006,Baixo Corgo,88,41.183,-7.738,45,5,0,36.7,28.19347826086956,3,1874.7,3,0,-1.7,1075.9,93.4,260,27,0,1.2966666666666666,0.9814285714285712,363.30000000000007,442.6000000000001,15.2,15.0,87.60000000000001,584.9000000000001,0,0,0,0.17199413489736073
BC05,2007,Baixo Corgo,88,41.183,-7.738,14,1,0,36.2,25.0,1,1552.3,0,0,-0.0,562.1,105.7,279,46,1,0.9533333333333333,0.8685714285714285,287.20000000000005,413.5,18.3,12.8,99.3,325.20000000000005,0,0,1,0.7806810966810966
BC05,2008,Baixo Corgo,88,41.183,-7.738,21,1,0,35.5,25.60652173913044,1,1423.6,2,0,-1.3,781.5000000000001,41.3,252,17,0,0.95,0.7657142857142858,311.9,352.4,18.5,12.9,36.400000000000006,480.3,0,0,0,0.0
BC05,2009,Baixo Corgo,88,41.183,-7.738,33,0,0,34.1,26.715217391304343,0,1700.9,0,0,1.3,983.0,91.2,259,33,0,1.0533333333333337,0.95,339.2,528.0,14.1,12.1,77.9,329.50000000000006,0,0,0,0.010526315789473684
BC05,2010,Baixo Corgo,88,41.183,-7.738,45,1,0,36.4,28.30760869565217,1,1766.9999999999995,5,0,-2.0,1098.4,65.60000000000001,250,45,1,1.33,1.0057142857142858,378.4,492.6,16.3,13.7,68.7,427.9,0,0,1,0.8708437761069341
BC05,2011,Baixo Corgo,88,41.183,-7.738,21,1,0,36.5,26.34891304347825,1,1869.9,2,0,-1.4,826.9000000000001,47.2,271,24,0,1.09,0.9985714285714284,386.9,486.9,15.5,13.1,40.8,358.70000000000005,0,0,0,0.0
BC05,2012,Baixo Corgo,88,41.183,-7.738,27,4,0,35.3,25.664130434782617,2,1524.1,0,0,0.7,676.3,56.7,265,30,0,0.99,0.8271428571428572,311.6,373.1,18.2,15.0,52.2,468.5,0,0,0,0.0
BC05,2013,Baixo Corgo,88,41.183,-7.738,40,6,0,37.3,28.05,5,1726.6999999999998,2,0,-2.0,1043.0,28.6,258,38,1,1.3666666666666665,1.02,424.7000000000001,492.50000000000006,15.7,13.3,28.9,416.30000000000007,0,0,0,0.9714975845410627
BC05,2014,Baixo Corgo,88,41.183,-7.738,17,0,0,33.3,25.6445652173913,0,1657.6,0,0,0.3,1291.1999999999998,68.00000000000001,232,24,0,0.9733333333333332,0.822857142857143,327.1,351.1,17.2,17.2,62.6,538.7,0,0,0,0.0
BC05,2015,Baixo Corgo,88,41.183,-7.738,30,1,0,35.4,28.02173913043477,1,1769.5,0,0,0.7,680.2,57.6,281,37,0,1.1966666666666663,0.9585714285714284,384.9,470.3,15.0,12.8,55.2,467.9,0,0,0,0.010526315789473684
BC05,2016,Baixo Corgo,88,41.183,-7.738,50,7,0,35.9,28.61195652173913,2,1788.6999999999996,0,0,0.2,1214.8,45.4,245,40,1,1.3633333333333333,0.9885714285714284,367.1,442.5,18.5,15.2,41.599999999999994,578.8000000000001,0,0,0,0.6763398692810456
BC05,2017,Baixo Corgo,88,41.183,-7.738,43,7,0,37.0,28.583695652173912,3,1966.8,1,0,-0.9,548.1,27.1,298,49,1,1.25,1.11,412.2000000000001,620.9999999999999,12.9,10.0,51.0,193.0,0,0,1,0.9833333333333332
BC05,2018,Baixo Corgo,88,41.183,-7.738,40,4,2,39.5,27.24130434782609,4,1788.7,0,0,0.1,907.5,106.1,258,46,1,0.9866666666666668,0.8957142857142857,260.0,382.0,19.4,14.5,128.7,412.30000000000007,0,0,1,0.9833333333333332
BC05,2019,Baixo Corgo,88,41.183,-7.738,27,1,0,36.0,26.68369565217391,1,1645.2,0,0,0.1,908.6,77.9,262,27,0,0.98,0.8714285714285716,322.9,473.6,15.2,12.9,70.60000000000001,405.3,0,0,0,0.0
BC05,2020,Baixo Corgo,88,41.183,-7.738,53,4,0,37.5,28.225,1,1795.9,0,0,2.1,806.7,33.099999999999994,254,34,0,1.2300000000000002,0.9671428571428572,387.7000000000001,459.7,16.5,13.8,41.6,470.6,0,0,0,0.07288461538461538
BC05,2021,Baixo Corgo,88,41.183,-7.738,34,3,0,35.8,27.446739130434786,1,1655.1,0,0,1.5,791.4000000000001,54.2,266,29,0,1.08,0.8671428571428572,351.0,380.0,16.5,16.5,65.4,474.8,0,0,0,0.0
BC05,2022,Baixo Corgo,88,41.183,-7.738,65,23,7,41.8,30.711956521739136,10,2053.8,3,0,-0.5,855.3,65.0,255,49,1,1.393333333333333,1.0842857142857143,385.6,486.9,15.2,12.9,71.10000000000001,452.6,1,0,1,1.0
BC05,2023,Baixo Corgo,88,41.183,-7.738,47,5,3,40.6,28.698913043478264,3,1971.2999999999995,1,0,-0.2,947.2,69.69999999999999,258,30,0,1.096666666666667,0.9385714285714284,328.5,410.1,13.9,13.9,109.7,608.7,0,0,0,0.4855963438006782
BC05,2024,Baixo Corgo,88,41.183,-7.738,45,7,2,39.4,29.120652173913044,3,1796.7999999999995,0,0,0.3,895.9000000000001,50.900000000000006,252,65,1,1.1166666666666667,0.8685714285714285,328.90000000000003,396.4,16.8,14.1,84.2,491.2000000000001,0,0,1,0.9833333333333332
BC06,1995,Baixo Corgo,420,41.1672,-7.7295,21,1,0,36.7,26.68478260869565,1,1659.9,1,0,-0.1,1069.7000000000005,94.4,254,40,0,1.13,0.9328571428571428,360.20000000000005,476.9,12.8,11.2,74.4,328.70000000000005,0,0,0,0.06802631578947368
BC06,1996,Baixo Corgo,420,41.1672,-7.7295,26,0,0,33.3,26.49673913043478,0,1448.4,4,0,-1.9,1198.1,47.6,230,17,0,1.18,0.8757142857142856,367.5,435.00000000000006,18.1,13.9,36.2,309.80000000000007,0,0,0,0.0
BC06,1997,Baixo Corgo,420,41.1672,-7.7295,16,0,0,33.7,23.870652173913044,0,1533.4,0,0,3.6,1216.6999999999998,192.5,232,41,0,0.81,0.7814285714285715,189.8,279.2,20.5,16.5,157.9,607.6000000000001,0,0,0,0.010526315789473684
BC06,1998,Baixo Corgo,420,41.1672,-7.7295,33,5,0,36.2,27.346739130434784,5,1515.3,1,0,-0.8,788.1,77.19999999999999,263,26,1,1.1866666666666668,0.8214285714285714,328.8,344.5,18.4,18.4,66.50000000000001,563.8000000000001,0,0,0,0.5316790104410121
BC06,1999,Baixo Corgo,420,41.1672,-7.7295,14,0,0,34.2,26.01521739130436,0,1407.5,0,0,0.1,963.1,97.0,259,28,0,1.0166666666666668,0.7614285714285715,314.7,326.8,18.2,18.2,70.6,697.2,0,0,0,0.0
BC06,2000,Baixo Corgo,420,41.1672,-7.7295,23,0,0,32.9,25.565217391304348,0,1376.2999999999995,1,0,-0.1,1217.4,52.7,241,30,0,1.086666666666667,0.7971428571428573,337.79999999999995,395.4,18.5,15.2,35.9,578.7,0,0,0,0.0
BC06,2001,Baixo Corgo,420,41.1672,-7.7295,23,0,0,34.4,25.7391304347826,0,1475.9,0,0,1.0,1217.1999999999998,85.00000000000001,255,42,0,0.9933333333333332,0.8342857142857143,345.90000000000003,443.2000000000001,16.400000000000002,13.8,55.900000000000006,411.6,0,0,0,0.0
BC06,2002,Baixo Corgo,420,41.1672,-7.7295,13,0,0,32.8,25.6608695652174,0,1367.4999999999998,1,1,-2.2,1098.0,57.3,242,20,0,1.0066666666666666,0.7642857142857143,352.20000000000005,395.30000000000007,15.8,15.8,52.5,487.80000000000007,0,0,0,0.0
BC06,2003,Baixo Corgo,420,41.1672,-7.7295,32,10,0,36.4,26.869565217391305,4,1590.3000000000002,0,0,1.9,1072.4,125.3,249,29,1,1.08,0.8871428571428571,320.50000000000006,458.80000000000007,15.2,12.9,92.70000000000002,547.5999999999999,0,0,0,0.9714975845410627
BC06,2004,Baixo Corgo,420,41.1672,-7.7295,14,0,0,33.9,26.46630434782609,0,1545.2,3,2,-5.2,617.0,102.4,282,27,0,1.0833333333333333,0.8771428571428571,348.50000000000006,457.2000000000001,15.5,13.1,76.5,433.30000000000007,0,0,0,0.010526315789473684
BC06,2005,Baixo Corgo,420,41.1672,-7.7295,41,2,0,35.3,28.593478260869563,2,1720.6,9,5,-5.2,659.8,24.3,284,39,1,1.47,1.0714285714285716,445.7000000000001,556.1,16.7,13.9,23.9,440.2000000000001,0,1,0,1.0
BC06,2006,Baixo Corgo,420,41.1672,-7.7295,39,2,0,36.1,27.54891304347825,1,1730.1,4,1,-2.3,1075.9,93.4,260,27,0,1.2966666666666666,0.9814285714285712,363.30000000000007,442.6000000000001,15.2,15.0,87.60000000000001,584.9000000000001,0,0,0,0.08102941176470588
BC06,2007,Baixo Corgo,420,41.1672,-7.7295,9,1,0,35.6,24.345652173913045,1,1415.1,2,0,-0.7,562.1,105.7,279,46,1,0.9533333333333333,0.8685714285714285,287.20000000000005,413.5,18.3,12.8,99.3,325.20000000000005,0,0,1,0.8269841269841269
BC06,2008,Baixo Corgo,420,41.1672,-7.7295,13,0,0,34.9,24.95326086956522,0,1289.8000000000002,2,0,-2.0,781.5000000000001,41.3,252,17,0,0.95,0.7657142857142858,311.9,352.4,18.5,12.9,36.400000000000006,480.3,0,0,0,0.0
BC06,2009,Baixo Corgo,420,41.1672,-7.7295,25,0,0,33.5,26.073913043478264,0,1567.5,0,0,0.6,983.0,91.2,259,33,0,1.0533333333333337,0.95,339.2,528.0,14.1,12.1,77.9,329.50000000000006,0,0,0,0.0
BC06,2010,Baixo Corgo,420,41.1672,-7.7295,37,1,0,35.8,27.64782608695652,1,1632.9,5,2,-2.6,1098.4,65.60000000000001,250,45,1,1.33,1.0057142857142858,378.4,492.6,16.3,13.7,68.7,427.9,0,0,1,0.8931350114416476
BC06,2011,Baixo Corgo,420,41.1672,-7.7295,13,1,0,35.8,25.69782608695652,1,1726.1999999999998,2,0,-2.0,826.9000000000001,47.2,271,24,0,1.09,0.9985714285714284,386.9,486.9,15.5,13.1,40.8,358.70000000000005,0,0,0,0.0
BC06,2012,Baixo Corgo,420,41.1672,-7.7295,23,0,0,34.6,25.009782608695648,0,1399.0,0,0,0.1,676.3,56.7,265,30,0,0.99,0.8271428571428572,311.6,373.1,18.2,15.0,52.2,468.5,0,0,0,0.0
BC06,2013,Baixo Corgo,420,41.1672,-7.7295,34,6,0,36.7,27.40434782608695,5,1595.2,2,1,-2.6,1043.0,28.6,258,38,1,1.3666666666666665,1.02,424.7000000000001,492.50000000000006,15.7,13.3,28.9,416.30000000000007,0,0,0,0.9722222222222221
BC06,2014,Baixo Corgo,420,41.1672,-7.7295,13,0,0,32.6,25.00434782608696,0,1519.6,1,0,-0.4,1291.1999999999998,68.00000000000001,232,24,0,0.9733333333333332,0.822857142857143,327.1,351.1,17.2,17.2,62.6,538.7,0,0,0,0.0
BC06,2015,Baixo Corgo,420,41.1672,-7.7295,26,0,0,34.7,27.37282608695652,0,1625.5,0,0,0.1,680.2,57.6,281,37,0,1.1966666666666663,0.9585714285714284,384.9,470.3,15.0,12.8,55.2,467.9,0,0,0,0.0
BC06,2016,Baixo Corgo,420,41.1672,-7.7295,40,2,0,35.3,27.95652173913044,1,1652.9,3,0,-0.4,1214.8,45.4,245,40,0,1.3633333333333333,0.9885714285714284,367.1,442.5,18.5,15.2,41.599999999999994,578.8000000000001,0,0,0,0.15915991029843024
BC06,2017,Baixo Corgo,420,41.1672,-7.7295,43,7,0,37.0,28.583695652173912,3,1966.8,1,0,-0.9,548.1,27.1,298,49,1,1.25,1.11,412.2000000000001,620.9999999999999,12.9,10.0,51.0,193.0,0,0,1,1.0
BC06,2018,Baixo Corgo,420,41.1672,-7.7295,40,4,2,39.5,27.24130434782609,4,1788.7,0,0,0.1,907.5,106.1,258,46,1,0.9866666666666668,0.8957142857142857,260.0,382.0,19.4,14.5,128.7,412.30000000000007,0,0,1,0.9833333333333332
BC06,2019,Baixo Corgo,420,41.1672,-7.7295,27,1,0,36.0,26.68369565217391,1,1645.2,0,0,0.1,908.6,77.9,262,27,0,0.98,0.8714285714285716,322.9,473.6,15.2,12.9,70.60000000000001,405.3,0,0,0,0.0
BC06,2020,Baixo Corgo,420,41.1672,-7.7295,53,4,0,37.5,28.225,1,1795.9,0,0,2.1,806.7,33.099999999999994,254,34,0,1.2300000000000002,0.9671428571428572,387.7000000000001,459.7,16.5,13.8,41.6,470.6,0,0,0,0.07288461538461538
BC06,2021,Baixo Corgo,420,41.1672,-7.7295,34,3,0,35.8,27.446739130434786,1,1655.1,0,0,1.5,791.4000000000001,54.2,266,29,0,1.08,0.8671428571428572,351.0,380.0,16.5,16.5,65.4,474.8,0,0,0,0.0
BC06,2022,Baixo Corgo,420,41.1672,-7.7295,65,23,7,41.8,30.711956521739136,10,2053.8,3,0,-0.5,855.3,65.0,255,49,1,1.393333333333333,1.0842857142857143,385.6,486.9,15.2,12.9,71.10000000000001,452.6,1,0,1,1.0
BC06,2023,Baixo Corgo,420,41.1672,-7.7295,47,5,3,40.6,28.698913043478264,3,1971.2999999999995,1,0,-0.2,947.2,69.69999999999999,258,30,1,1.096666666666667,0.9385714285714284,328.5,410.1,13.9,13.9,109.7,608.7,0,0,0,0.508551113158593
BC06,2024,Baixo Corgo,420,41.1672,-7.7295,45,7,2,39.4,29.120652173913044,3,1796.7999999999995,0,0,0.3,895.9000000000001,50.900000000000006,252,65,1,1.1166666666666667,0.8685714285714285,328.90000000000003,396.4,16.8,14.1,84.2,491.2000000000001,0,0,1,0.9833333333333332
BC07,1995,Baixo Corgo,530,41.1125,-7.8235,15,1,0,36.2,25.992391304347827,1,1548.3000000000002,1,0,-0.8,1036.5,98.1,250,40,0,1.2400000000000002,0.982857142857143,376.0,493.7000000000001,14.2,12.4,77.1,339.20000000000005,0,0,0,0.1381118881118881
BC07,1996,Baixo Corgo,530,41.1125,-7.8235,20,0,0,32.6,25.745652173913044,0,1343.7,6,0,-2.0,1148.5,46.7,227,17,0,1.2733333333333334,0.9185714285714288,378.1,450.2000000000001,20.0,15.0,33.6,317.5,0,0,0,0.06802631578947368
BC07,1997,Baixo Corgo,530,41.1125,-7.8235,11,0,0,32.6,23.13586956521739,0,1407.0,0,0,3.2,1180.6,194.00000000000003,235,40,0,0.91,0.8257142857142858,197.5,283.5,23.1,18.4,163.90000000000003,632.7,0,0,0,0.07288461538461538
BC07,1998,Baixo Corgo,530,41.1125,-7.8235,23,2,0,35.2,26.61739130434782,1,1421.7,1,0,-1.1,795.5,86.69999999999999,259,26,1,1.2866666666666668,0.87,329.20000000000005,344.1,20.200000000000003,20.200000000000003,72.5,588.1,0,0,0,0.15101511391833972
BC07,1999,Baixo Corgo,530,41.1125,-7.8235,11,0,0,33.4,25.311956521739127,0,1309.9,0,0,0.0,904.1,93.39999999999998,260,29,0,1.11,0.8100000000000002,327.8,341.1,20.0,20.0,69.1,706.7,0,0,0,0.05
BC07,2000,Baixo Corgo,530,41.1125,-7.8235,18,0,0,31.9,24.81630434782609,0,1281.6,1,0,-0.6,1147.6999999999998,46.3,238,30,0,1.1866666666666668,0.85,348.5,410.9,20.200000000000003,16.6,38.3,597.0,0,0,0,0.057499999999999996
BC07,2001,Baixo Corgo,530,41.1125,-7.8235,17,0,0,33.6,24.938043478260862,0,1371.0,0,0,0.1,1151.0,82.79999999999998,255,42,1,1.0833333333333333,0.88,355.4,460.8,18.5,15.5,55.60000000000001,422.3,0,0,1,0.2402744613820215
BC07,2002,Baixo Corgo,530,41.1125,-7.8235,6,0,0,31.9,24.92391304347826,0,1267.1,2,0,-1.5,1053.0,58.4,244,20,0,1.106666666666667,0.8142857142857143,362.5,404.50000000000006,17.900000000000002,17.900000000000002,54.6,491.9,0,0,0,0.0
BC07,2003,Baixo Corgo,530,41.1125,-7.8235,23,4,0,35.5,26.084782608695665,1,1474.6,0,0,1.4,1044.4,104.9,249,29,1,1.1900000000000002,0.94,337.70000000000005,480.6,16.6,14.1,92.0,557.7,0,0,0,0.489950477785879
BC07,2004,Baixo Corgo,530,41.1125,-7.8235,12,0,0,33.0,25.664130434782606,0,1436.4,4,2,-4.6,595.5999999999999,93.5,283,29,0,1.19,0.925714285714286,359.90000000000003,473.6,17.6,14.8,77.30000000000001,450.2000000000001,0,0,0,0.06802631578947368
BC07,2005,Baixo Corgo,530,41.1125,-7.8235,32,1,0,35.0,27.8,1,1612.9,9,5,-5.2,644.8,21.0,288,39,1,1.5633333333333332,1.115714285714286,458.0,575.0,18.6,15.5,24.1,446.9,0,1,0,0.9833333333333332
BC07,2006,Baixo Corgo,530,41.1125,-7.8235,31,0,0,34.9,26.736956521739128,0,1612.2000000000005,4,2,-2.9,1023.4,99.9,258,28,0,1.4066666666666665,1.0357142857142858,378.4,463.4,16.6,14.9,90.9,590.8,0,0,0,0.19595274752536404
BC07,2007,Baixo Corgo,530,41.1125,-7.8235,5,0,0,34.3,23.58478260869565,0,1306.7000000000005,3,0,-1.3,559.1,96.20000000000002,274,25,0,1.0466666666666666,0.9114285714285714,293.70000000000005,430.9000000000001,21.5,14.7,103.5,330.90000000000003,0,0,0,0.07288461538461538
BC07,2008,Baixo Corgo,530,41.1125,-7.8235,8,0,0,33.5,24.20434782608696,0,1183.2,3,0,-2.0,741.5,38.9,252,15,0,1.0433333333333332,0.8114285714285714,321.20000000000005,370.30000000000007,20.200000000000003,14.1,38.2,498.4000000000001,0,0,0,0.0
BC07,2009,Baixo Corgo,530,41.1125,-7.8235,19,0,0,32.2,25.27173913043477,0,1463.8000000000002,1,0,-0.2,949.1,83.9,255,31,0,1.15,0.99,345.0,529.0,15.8,13.5,85.60000000000001,347.90000000000003,0,0,0,0.057499999999999996
BC07,2010,Baixo Corgo,530,41.1125,-7.8235,28,0,0,34.8,26.942391304347822,0,1529.5,7,4,-3.2,1077.9,66.3,248,54,1,1.4366666666666668,1.0542857142857145,390.6,510.9,18.1,15.2,72.10000000000001,438.8,0,1,1,0.9833333333333332
BC07,2011,Baixo Corgo,530,41.1125,-7.8235,12,0,0,34.4,24.992391304347827,0,1613.0,3,0,-1.8,794.5999999999999,47.49999999999999,266,36,0,1.1833333333333331,1.0414285714285714,400.3,506.2999999999999,17.7,14.9,38.900000000000006,361.0,0,0,0,0.06802631578947368
BC07,2012,Baixo Corgo,530,41.1125,-7.8235,17,0,0,33.7,24.2858695652174,0,1313.0,1,0,-0.6,679.5,50.900000000000006,268,30,0,1.0766666666666669,0.87,319.0,385.4,20.0,16.5,55.00000000000001,487.7000000000001,0,0,0,0.057499999999999996
BC07,2013,Baixo Corgo,530,41.1125,-7.8235,31,3,0,35.9,26.68478260869565,3,1501.4,4,1,-2.9,1012.0,26.8,263,38,1,1.4566666666666668,1.0657142857142856,435.9000000000001,508.4000000000001,17.8,15.0,31.3,432.3,0,0,0,0.8820239003305363
BC07,2014,Baixo Corgo,530,41.1125,-7.8235,7,0,0,31.4,24.198913043478257,0,1400.4,1,0,-0.8,1211.1,65.8,232,28,0,1.0633333333333332,0.8628571428571429,331.80000000000007,357.0,19.0,19.0,69.8,555.2,0,0,0,0.057499999999999996
BC07,2015,Baixo Corgo,530,41.1125,-7.8235,20,0,0,33.9,26.601086956521737,0,1517.5,1,0,-0.3,632.5000000000001,49.0,282,44,1,1.2866666666666668,1.002857142857143,402.5,485.1000000000001,16.5,14.1,52.60000000000001,477.2,0,0,1,0.6720882533749937
BC07,2016,Baixo Corgo,530,41.1125,-7.8235,32,1,0,34.7,27.22717391304348,1,1551.6999999999998,5,0,-0.6,1146.7,47.400000000000006,245,40,0,1.4666666666666668,1.042857142857143,377.4,462.7999999999999,20.200000000000003,16.6,42.8,587.4,0,0,0,0.2689457601222307
BC07,2017,Baixo Corgo,530,41.1125,-7.8235,19,0,0,34.2,25.65217391304348,0,1534.2999999999995,3,2,-2.1,639.2,46.400000000000006,287,49,1,1.35,1.1514285714285717,427.2999999999999,641.1,14.6,11.2,51.7,199.9,0,0,1,0.9826086956521738
BC07,2018,Baixo Corgo,530,41.1125,-7.8235,12,3,0,35.5,24.21195652173913,3,1372.7,3,2,-3.2,1111.7,130.9,237,49,1,1.1,0.9471428571428572,272.1,401.50000000000006,21.5,15.7,128.70000000000002,423.8,0,0,1,0.9833333333333332
BC07,2019,Baixo Corgo,530,41.1125,-7.8235,4,0,0,33.0,23.514130434782604,0,1233.6999999999998,1,0,-0.2,1219.0,101.9,249,20,0,1.07,0.9114285714285714,337.3,489.4,16.6,14.1,71.4,425.9,0,0,0,0.06802631578947368
BC07,2020,Baixo Corgo,530,41.1125,-7.8235,21,0,0,34.2,25.20978260869565,0,1368.0,1,1,-2.1,970.9,44.0,248,34,0,1.32,1.012857142857143,396.0,477.30000000000007,18.4,15.4,45.1,485.7000000000001,0,0,0,0.06802631578947368
BC07,2021,Baixo Corgo,530,41.1125,-7.8235,7,0,0,32.6,24.23152173913044,0,1213.1,1,0,-0.9,1008.9,82.6,253,25,0,1.1733333333333336,0.9142857142857144,357.4,386.8,18.4,18.4,68.9,490.8,0,0,0,0.057499999999999996
BC07,2022,Baixo Corgo,530,41.1125,-7.8235,36,6,0,37.6,27.20434782608696,4,1580.3000000000002,6,0,-2.0,1031.0,107.8,245,41,1,1.4833333333333334,1.115714285714286,400.3,495.6,16.6,14.1,71.9,468.2000000000001,0,0,1,0.9714975845410627
BC07,2023,Baixo Corgo,530,41.1125,-7.8235,12,3,0,37.7,25.57065217391304,2,1509.6999999999998,4,1,-3.9,1173.0,87.4,243,30,1,1.2,0.9885714285714288,339.40000000000003,415.5,15.7,15.7,114.5,628.8000000000001,0,0,0,0.6498412698412699
BC07,2024,Baixo Corgo,530,41.1125,-7.8235,17,1,0,36.5,26.083695652173912,1,1394.4,0,0,0.2,1096.9,93.2,244,29,0,1.2166666666666668,0.9200000000000002,335.90000000000003,413.3,18.7,15.6,88.7,505.0,0,0,0,0.07288461538461538
BC08,1995,Baixo Corgo,380,41.129,-7.808,30,1,1,38.0,27.746739130434783,1,1907.5,0,0,0.9,1069.7000000000005,94.4,254,40,0,1.1933333333333334,0.9785714285714286,357.8,460.8,14.4,12.5,77.10000000000001,346.70000000000005,0,0,0,0.07288461538461538
BC08,1996,Baixo Corgo,380,41.129,-7.808,29,0,0,34.3,27.497826086956525,0,1694.9,1,0,-0.3,1198.1,47.6,230,17,0,1.2299999999999998,0.9142857142857144,356.2,412.5,20.200000000000003,16.6,37.8,324.20000000000005,0,0,0,0.057499999999999996
BC08,1997,Baixo Corgo,380,41.129,-7.808,18,0,0,34.3,24.88586956521739,0,1770.8000000000002,0,0,4.9,1216.6999999999998,192.5,232,41,0,0.8433333333333334,0.8157142857142858,162.10000000000002,243.3,24.5,19.4,172.20000000000002,653.5,0,0,0,0.010526315789473684
BC08,1998,Baixo Corgo,380,41.129,-7.808,39,5,0,37.0,28.36413043478261,5,1758.6,0,0,0.6,788.1,77.19999999999999,263,26,0,1.2333333333333334,0.8542857142857143,310.20000000000005,320.90000000000003,20.4,20.4,71.60000000000001,580.1,0,0,0,0.202297165200391
BC08,1999,Baixo Corgo,380,41.129,-7.808,25,1,0,35.1,27.067391304347822,1,1663.5,0,0,1.7,963.1,97.0,259,28,0,1.0533333333333337,0.7928571428571428,298.1,309.7,20.200000000000003,20.200000000000003,79.0,738.6000000000001,0,0,0,0.010526315789473684
BC08,2000,Baixo Corgo,380,41.129,-7.808,30,0,0,33.6,26.5641304347826,0,1608.9,0,0,1.2,1217.4,52.7,241,30,0,1.1333333333333335,0.8314285714285713,323.2,376.5,20.5,16.8,42.5,592.9000000000001,0,0,0,0.0
BC08,2001,Baixo Corgo,380,41.129,-7.808,29,2,0,35.4,26.69130434782609,1,1722.5,0,0,1.9,1217.1999999999998,85.00000000000001,255,42,0,1.03,0.8685714285714285,328.1,422.80000000000007,18.9,15.7,63.60000000000001,444.7000000000001,0,0,0,0.09992025518341308
BC08,2002,Baixo Corgo,380,41.129,-7.808,19,0,0,33.7,26.671739130434784,0,1609.5000000000002,0,0,0.3,1098.0,57.3,242,20,0,1.05,0.7999999999999999,341.3,383.4,18.2,18.2,56.3,507.1,0,0,0,0.0
BC08,2003,Baixo Corgo,380,41.129,-7.808,40,12,0,37.2,27.846739130434784,7,1826.3,0,0,3.2,1072.4,125.3,249,29,1,1.1266666666666667,0.9257142857142858,311.0,439.2000000000001,16.8,14.3,99.7,568.3000000000001,0,0,0,0.9826086956521738
BC08,2004,Baixo Corgo,380,41.129,-7.808,19,0,0,34.7,27.4108695652174,0,1774.2999999999995,2,1,-2.9,617.0,102.4,282,27,0,1.1266666666666667,0.9114285714285716,325.20000000000005,430.5,17.900000000000002,15.1,92.6,478.9000000000001,0,0,0,0.07288461538461538
BC08,2005,Baixo Corgo,380,41.129,-7.808,53,6,0,36.8,29.540217391304346,3,1966.8000000000004,5,3,-3.4,659.8,24.3,284,39,1,1.53,1.1128571428571428,433.0,539.2,19.0,15.8,25.5,465.9,0,1,0,0.9826086956521738
BC08,2006,Baixo Corgo,380,41.129,-7.808,46,5,0,36.6,28.486956521739128,3,1980.3,2,0,-1.1,1075.9,93.4,260,27,0,1.37,1.0314285714285714,356.29999999999995,431.69999999999993,16.8,16.6,91.7,611.3000000000001,0,0,0,0.202297165200391
BC08,2007,Baixo Corgo,380,41.129,-7.808,18,1,0,36.0,25.33478260869565,1,1659.5,0,0,0.4,562.1,105.7,279,46,1,0.9933333333333332,0.91,275.20000000000005,398.6,21.4,14.7,104.3,328.00000000000006,0,0,1,0.810984126984127
BC08,2008,Baixo Corgo,380,41.129,-7.808,21,1,0,35.3,25.96739130434782,1,1527.5,1,0,-0.2,781.5000000000001,41.3,252,17,0,0.9866666666666668,0.7957142857142857,299.1,331.5,20.5,15.2,41.60000000000001,494.1,0,0,0,0.0
BC08,2009,Baixo Corgo,380,41.129,-7.808,35,0,0,34.0,27.016304347826093,0,1805.4,0,0,1.6,983.0,91.2,259,33,0,1.09,0.9857142857142858,325.70000000000005,498.9,15.9,13.6,86.4,355.4,0,0,0,0.06802631578947368
BC08,2010,Baixo Corgo,380,41.129,-7.808,47,2,0,36.6,28.70326086956521,1,1878.0,5,0,-1.5,1098.4,65.60000000000001,250,45,1,1.393333333333333,1.05,371.2000000000001,484.50000000000006,18.3,15.4,68.80000000000001,444.6,0,0,1,0.8720438790702747
BC08,2011,Baixo Corgo,380,41.129,-7.808,26,1,0,36.1,26.738043478260867,1,1982.4,1,0,-0.1,826.9000000000001,47.2,271,24,0,1.1366666666666667,1.0457142857142858,375.7000000000001,472.80000000000007,18.0,15.1,43.400000000000006,371.9,0,0,0,0.057499999999999996
BC08,2012,Baixo Corgo,380,41.129,-7.808,30,4,0,35.4,26.03695652173913,2,1632.1999999999998,0,0,1.2,676.3,56.7,265,30,0,1.02,0.8542857142857142,293.70000000000005,346.6,20.3,16.7,57.3,491.4,0,0,0,0.060526315789473685
BC08,2013,Baixo Corgo,380,41.129,-7.808,44,6,0,37.6,28.43152173913043,5,1840.2,2,0,-1.2,1043.0,28.6,258,38,1,1.4266666666666667,1.0671428571428572,414.9,480.4,18.0,15.1,30.9,442.2000000000001,0,0,0,0.9603174603174605
BC08,2014,Baixo Corgo,380,41.129,-7.808,17,0,0,33.1,25.957608695652176,0,1758.9999999999998,0,0,0.9,1291.1999999999998,68.00000000000001,232,24,0,1.0066666666666668,0.8514285714285714,309.4,332.5,19.5,19.5,70.80000000000001,566.9,0,0,0,0.0
BC08,2015,Baixo Corgo,380,41.129,-7.808,36,1,0,35.6,28.34565217391304,1,1886.5,0,0,1.5,680.2,57.6,281,37,0,1.2366666666666666,0.9928571428571428,380.4,449.6,16.6,14.2,54.7,490.50000000000006,0,0,0,0.06802631578947368
BC08,2016,Baixo Corgo,380,41.129,-7.808,51,8,0,36.4,28.981521739130432,2,1901.8,0,0,1.1,1214.8,45.4,245,40,1,1.4233333333333336,1.0385714285714287,355.6,430.4,20.5,16.8,43.6,584.5999999999999,0,0,0,0.7162128851540616
BC08,2017,Baixo Corgo,380,41.129,-7.808,47,8,0,37.4,28.963043478260868,3,2050.7,1,0,-0.6,548.1,27.1,298,49,1,1.2966666666666666,1.1514285714285717,402.3,585.2,14.9,11.4,55.2,209.00000000000009,0,0,1,0.9833333333333332
BC08,2018,Baixo Corgo,380,41.129,-7.808,44,4,3,39.8,27.616304347826084,4,1865.3,0,0,0.5,907.5,106.1,258,46,1,1.0366666666666668,0.937142857142857,254.1,363.9,22.1,17.900000000000002,127.70000000000002,416.6,0,0,1,0.9833333333333332
BC08,2019,Baixo Corgo,380,41.129,-7.808,30,2,0,36.3,27.055434782608696,1,1724.1999999999998,0,0,0.4,908.6,77.9,262,27,0,1.01,0.9000000000000001,315.90000000000003,453.3,16.8,14.3,74.60000000000001,427.5,0,0,0,0.057499999999999996
BC08,2020,Baixo Corgo,380,41.129,-7.808,56,5,0,37.9,28.606521739130425,2,1878.4,0,0,2.5,806.7,33.099999999999994,254,34,0,1.2733333333333334,1.0014285714285711,372.30000000000007,440.7000000000001,19.0,15.8,46.2,486.7000000000001,0,0,0,0.15915991029843024
BC08,2021,Baixo Corgo,380,41.129,-7.808,36,3,0,36.2,27.82608695652174,1,1738.7000000000005,0,0,1.8,791.4000000000001,54.2,266,29,0,1.12,0.9071428571428573,337.70000000000005,365.2000000000001,19.0,19.0,65.8,486.9,0,0,0,0.06802631578947368
BC08,2022,Baixo Corgo,380,41.129,-7.808,66,25,11,42.1,31.09130434782609,10,2134.2,1,0,-0.1,855.3,65.0,255,49,1,1.4266666666666667,1.1057142857142856,377.6,463.6,16.8,14.3,71.00000000000001,479.6,1,0,1,1.0
BC08,2023,Baixo Corgo,380,41.129,-7.808,50,5,3,41.0,29.06847826086956,3,2055.1,0,0,0.2,947.2,69.69999999999999,258,30,0,1.143333333333333,0.9757142857142858,325.3,396.3,15.7,15.7,109.0,646.8000000000001,0,0,0,0.3998820580863925
BC08,2024,Baixo Corgo,380,41.129,-7.808,46,9,3,39.8,29.49347826086957,3,1877.8000000000004,0,0,0.7,895.9000000000001,50.900000000000006,252,65,1,1.163333333333333,0.91,320.4,385.8,19.200000000000003,15.9,84.8,516.0,0,0,1,0.9833333333333332
BC09,1995,Baixo Corgo,340,41.0925,-7.935,15,1,0,35.9,25.80326086956521,1,1532.6,1,0,-1.3,1491.9999999999998,123.29999999999998,238,39,1,1.18,0.947142857142857,354.8,444.1,17.6,15.2,78.2,354.6,0,0,1,0.6403675856307436
BC09,1996,Baixo Corgo,340,41.0925,-7.935,17,0,0,32.4,25.49347826086957,0,1327.7000000000005,5,0,-1.8,1545.5,51.0,220,17,0,1.2033333333333334,0.8842857142857143,345.8,401.7,23.4,19.1,34.3,327.7,0,0,0,0.11659090909090908
BC09,1997,Baixo Corgo,340,41.0925,-7.935,10,0,0,32.2,22.92391304347825,0,1388.9,0,0,3.5,1630.8000000000002,263.7,221,23,0,0.8366666666666668,0.7842857142857144,143.7,221.5,29.4,23.0,179.5,674.0,0,0,0,0.08197572363653007
BC09,1998,Baixo Corgo,340,41.0925,-7.935,22,0,0,34.7,26.39130434782608,0,1410.4,1,0,-0.6,1081.5,114.79999999999998,249,26,0,1.2133333333333336,0.8300000000000001,297.6,309.3,26.0,26.0,76.5,601.9,0,0,0,0.09625668449197862
BC09,1999,Baixo Corgo,340,41.0925,-7.935,8,0,0,33.1,25.039130434782606,0,1296.6,0,0,0.1,1264.1,123.20000000000002,247,21,0,1.0233333333333332,0.7642857142857143,285.1,297.1,23.4,23.4,78.4,747.6,0,0,0,0.05210084033613445
BC09,2000,Baixo Corgo,340,41.0925,-7.935,14,0,0,31.7,24.55869565217391,0,1262.5,3,0,-0.7,1632.0,76.6,234,30,0,1.11,0.8057142857142858,307.2,360.8,23.6,19.4,47.8,618.8000000000002,0,0,0,0.0462566844919786
BC09,2001,Baixo Corgo,340,41.0925,-7.935,15,0,0,33.5,24.60108695652175,0,1352.6,0,0,0.1,1655.1000000000004,101.3,241,42,1,1.0,0.8428571428571431,311.8,409.0,22.6,18.7,62.7,454.0,0,0,1,0.4561221014617541
BC09,2002,Baixo Corgo,340,41.0925,-7.935,5,0,0,31.8,24.610869565217385,0,1251.6,2,0,-0.9,1500.5,84.0,229,19,0,1.0233333333333334,0.7757142857142857,324.8,364.4,21.9,21.9,59.10000000000001,511.6,0,0,0,0.023529411764705882
BC09,2003,Baixo Corgo,340,41.0925,-7.935,23,3,0,35.1,25.77173913043478,1,1451.7,0,0,1.3,1423.9,151.10000000000002,229,27,1,1.086666666666667,0.892857142857143,305.1,426.9,19.4,16.5,102.4,571.0,0,0,0,0.6737009189640769
BC09,2004,Baixo Corgo,340,41.0925,-7.935,10,0,0,32.6,25.333695652173912,0,1413.1,3,2,-4.2,873.0999999999999,148.50000000000003,275,29,0,1.0933333333333335,0.8771428571428571,308.8,414.7000000000001,21.700000000000003,18.1,96.6,497.9,0,0,0,0.15979716520039103
BC09,2005,Baixo Corgo,340,41.0925,-7.935,27,1,0,35.0,27.44239130434783,1,1588.8000000000002,9,5,-4.7,879.1000000000001,33.3,276,39,1,1.4633333333333332,1.062857142857143,413.7000000000001,517.1,22.700000000000003,18.8,27.1,467.6000000000001,0,1,1,0.9833333333333332
BC09,2006,Baixo Corgo,340,41.0925,-7.935,28,0,0,34.2,26.45652173913044,0,1590.5,3,1,-2.8,1454.4999999999998,130.0,251,27,0,1.336666666666667,0.9971428571428572,356.30000000000007,420.0,19.4,18.7,91.8,609.0,0,0,0,0.2977744613820215
BC09,2007,Baixo Corgo,340,41.0925,-7.935,5,0,0,33.5,23.30434782608696,0,1288.1,3,0,-0.8,766.9,143.3,264,25,0,0.9733333333333332,0.8828571428571428,254.70000000000005,386.00000000000006,27.200000000000003,18.1,113.3,334.3,0,0,0,0.1294941348973607
BC09,2008,Baixo Corgo,340,41.0925,-7.935,7,0,0,32.8,23.908695652173908,0,1163.5,3,0,-1.6,1058.7,55.2,251,15,0,0.9566666666666668,0.7685714285714287,282.5,322.6,23.6,17.1,44.5,519.5000000000001,0,0,0,0.04395604395604395
BC09,2009,Baixo Corgo,340,41.0925,-7.935,15,0,0,31.8,24.8945652173913,0,1442.7000000000005,1,0,-0.1,1393.2,133.3,238,30,0,1.0466666666666666,0.9385714285714286,309.0,465.80000000000007,18.8,16.1,97.5,376.1,0,0,0,0.15979716520039103
BC09,2010,Baixo Corgo,340,41.0925,-7.935,25,0,0,34.4,26.72717391304348,0,1515.1,8,2,-3.0,1433.3000000000002,86.5,242,45,1,1.38,1.0314285714285714,366.9,484.00000000000006,21.700000000000003,18.1,70.9,440.7000000000001,0,0,1,0.9826086956521738
BC09,2011,Baixo Corgo,340,41.0925,-7.935,10,0,0,33.9,24.73913043478261,0,1596.1,5,0,-1.8,1095.9,57.8,252,28,0,1.11,1.0157142857142856,369.2,469.5,21.700000000000003,18.1,39.8,367.2000000000001,0,0,0,0.10375668449197861
BC09,2012,Baixo Corgo,340,41.0925,-7.935,14,0,0,33.4,23.95217391304348,0,1297.3,1,0,-0.4,939.3000000000002,72.9,251,30,0,0.9766666666666668,0.8228571428571428,272.9,322.70000000000005,26.4,21.200000000000003,61.5,511.50000000000006,0,0,0,0.04395604395604395
BC09,2013,Baixo Corgo,340,41.0925,-7.935,29,2,0,35.6,26.425000000000004,2,1491.6999999999998,5,1,-2.9,1441.3000000000002,48.0,243,33,1,1.4,1.0442857142857145,400.7000000000001,465.8,21.8,18.2,35.400000000000006,455.6,0,0,0,0.7263993316624895
BC09,2014,Baixo Corgo,340,41.0925,-7.935,6,0,0,30.6,23.87934782608696,0,1376.6,1,0,-0.9,1742.5,112.8,215,24,0,0.97,0.8142857142857142,285.5,309.0,22.8,22.8,81.60000000000001,591.3,0,0,0,0.10375668449197861
BC09,2015,Baixo Corgo,340,41.0925,-7.935,16,0,0,33.3,26.22934782608696,0,1498.0,2,0,-0.2,915.9,66.69999999999999,271,44,1,1.1866666666666663,0.9557142857142856,375.0,427.0999999999999,20.0,17.8,53.2,504.5,0,0,1,0.6693774747548468
BC09,2016,Baixo Corgo,340,41.0925,-7.935,30,1,0,34.5,26.980434782608704,1,1537.0,4,0,-0.4,1569.0000000000002,58.2,238,42,1,1.3966666666666665,1.0114285714285711,347.30000000000007,425.00000000000006,24.700000000000003,20.1,44.599999999999994,591.3000000000001,0,0,1,0.7263993316624895
BC09,2017,Baixo Corgo,340,41.0925,-7.935,10,0,0,32.5,24.5554347826087,0,1510.2,3,0,-0.8,903.0,76.4,264,37,0,1.25,1.1057142857142856,394.2000000000001,576.6000000000001,19.4,14.4,52.6,215.6,0,0,0,0.17796908315413734
BC09,2018,Baixo Corgo,340,41.0925,-7.935,9,0,0,34.9,23.248913043478257,0,1371.0,4,0,-1.1,1459.7,195.4,213,24,0,1.0166666666666666,0.9085714285714286,240.7,359.09999999999997,26.8,20.3,129.20000000000002,427.6,0,0,0,0.2977744613820215
BC09,2019,Baixo Corgo,340,41.0925,-7.935,3,0,0,30.9,22.28152173913043,0,1199.4,0,0,0.4,1723.4,127.2,232,19,0,0.96,0.8542857142857142,309.40000000000003,435.80000000000007,19.4,16.5,75.30000000000001,449.2999999999999,0,0,0,0.1294941348973607
BC09,2020,Baixo Corgo,340,41.0925,-7.935,13,0,0,32.1,24.078260869565216,0,1328.2,1,0,-1.5,1307.6,74.3,224,24,0,1.2266666666666668,0.9657142857142856,356.70000000000005,431.7,22.4,18.6,49.8,492.30000000000007,0,0,0,0.08102941176470588
BC09,2021,Baixo Corgo,340,41.0925,-7.935,5,0,0,32.0,23.070652173913043,0,1166.9,0,0,0.7,1313.5,113.6,236,23,0,1.0833333333333333,0.8700000000000002,320.8,346.6,22.6,22.6,67.30000000000001,500.9,0,0,0,0.10375668449197861
BC09,2022,Baixo Corgo,340,41.0925,-7.935,20,1,0,35.2,25.63152173913043,1,1502.0,4,0,-1.6,1332.1999999999998,111.1,228,41,1,1.35,1.0385714285714285,370.1,433.2,19.700000000000003,16.7,74.1,501.1,0,0,1,0.8443174603174605
BC09,2023,Baixo Corgo,340,41.0925,-7.935,7,1,0,35.9,24.369565217391305,1,1447.0,3,2,-3.0,1593.1,140.29999999999998,232,30,1,1.1133333333333333,0.9385714285714284,315.9,379.2999999999999,20.5,20.5,113.5,661.4000000000001,0,0,0,0.7746031746031747
BC09,2024,Baixo Corgo,340,41.0925,-7.935,9,1,0,35.3,24.84130434782609,1,1345.6999999999998,0,0,0.2,1482.0,118.0,224,29,1,1.13,0.8842857142857142,305.6,368.5,25.1,20.3,88.0,531.4,0,0,0,0.5929185807197369
BC10,1995,Baixo Corgo,695,41.074,-7.9185,7,0,0,34.8,24.703260869565216,0,1304.5,3,1,-2.4,1491.9999999999998,123.29999999999998,238,39,1,1.0333333333333334,0.8042857142857143,335.6,414.2000000000001,19.3,16.400000000000002,90.9,382.3,0,0,1,0.8401935789523941
BC10,1996,Baixo Corgo,695,41.074,-7.9185,7,0,0,31.3,24.393478260869568,0,1114.0,11,2,-2.9,1545.5,51.0,220,17,1,1.0566666666666666,0.7514285714285716,325.1,378.2,23.5,18.7,36.6,351.9,0,0,0,0.8401086956521739
BC10,1997,Baixo Corgo,695,41.074,-7.9185,6,0,0,31.1,21.823913043478257,0,1159.6,0,0,2.4,1630.8000000000002,263.7,221,23,1,0.7366666666666667,0.6628571428571429,107.1,178.7,30.200000000000003,23.4,197.9,728.3000000000001,0,0,0,0.8408333333333333
BC10,1998,Baixo Corgo,695,41.074,-7.9185,15,0,0,33.6,25.291304347826088,0,1209.1999999999998,4,0,-1.7,1081.5,114.79999999999998,249,26,1,1.0633333333333332,0.7057142857142857,281.8,289.2,27.700000000000003,27.700000000000003,87.5,652.2,0,0,0,0.8408333333333333
BC10,1999,Baixo Corgo,695,41.074,-7.9185,7,0,0,32.0,23.93913043478261,0,1089.3,2,0,-1.0,1264.1,123.20000000000002,247,21,1,0.8966666666666668,0.6471428571428571,269.9,277.3,23.4,23.4,83.0,784.6000000000001,0,0,0,0.8408333333333333
BC10,2000,Baixo Corgo,695,41.074,-7.9185,6,0,0,30.6,23.458695652173912,0,1062.2,4,0,-1.8,1632.0,76.6,234,30,1,0.9766666666666668,0.6828571428571429,301.7,359.2,23.5,19.3,52.10000000000001,670.8000000000001,0,0,0,0.85
BC10,2001,Baixo Corgo,695,41.074,-7.9185,8,0,0,32.4,23.50108695652173,0,1141.7000000000005,2,0,-1.0,1655.1000000000004,101.3,241,42,1,0.8833333333333333,0.7157142857142856,293.0,384.80000000000007,23.0,18.9,68.10000000000001,482.00000000000006,0,0,1,0.8408333333333333
BC10,2002,Baixo Corgo,695,41.074,-7.9185,2,0,0,30.7,23.51086956521739,0,1050.4,4,0,-2.0,1500.5,84.0,229,19,1,0.9,0.6542857142857142,305.6,334.9,22.5,22.5,65.60000000000001,544.1,0,0,0,0.8574999999999999
BC10,2003,Baixo Corgo,695,41.074,-7.9185,20,0,0,34.0,24.67173913043478,0,1239.7,0,0,0.2,1423.9,151.10000000000002,229,27,1,0.9666666666666668,0.76,297.9,419.8,19.3,16.400000000000002,110.8,614.8,0,0,0,0.8401086956521739
BC10,2004,Baixo Corgo,695,41.074,-7.9185,4,0,0,31.5,24.23369565217392,0,1213.2,10,3,-5.3,873.0999999999999,148.50000000000003,275,29,1,0.9633333333333336,0.7457142857142857,295.90000000000003,394.9,22.4,18.5,97.4,523.7,0,1,0,0.9
BC10,2005,Baixo Corgo,695,41.074,-7.9185,16,0,0,33.9,26.342391304347824,0,1372.6,12,7,-5.8,879.1000000000001,33.3,276,39,1,1.29,0.91,405.6,505.2000000000001,23.0,19.0,29.300000000000004,496.1,0,1,1,0.9833333333333332
BC10,2006,Baixo Corgo,695,41.074,-7.9185,18,0,0,33.1,25.35652173913044,0,1366.6,4,2,-3.9,1454.4999999999998,130.0,251,27,1,1.1733333333333336,0.8485714285714286,350.7,404.2,19.3,18.2,101.8,649.8,0,0,0,0.8401086956521739
BC10,2007,Baixo Corgo,695,41.074,-7.9185,4,0,0,32.4,22.20434782608696,0,1074.1,5,0,-1.9,766.9,143.3,264,25,1,0.85,0.7457142857142857,222.0,345.8,29.4,18.9,123.6,366.5,0,0,0,0.8408333333333333
BC10,2008,Baixo Corgo,695,41.074,-7.9185,4,0,0,31.7,22.80869565217391,0,958.6,4,2,-2.7,1058.7,55.2,251,15,1,0.84,0.6500000000000001,277.40000000000003,321.1000000000001,24.1,17.2,46.8,563.4000000000001,0,0,0,0.8408333333333333
BC10,2009,Baixo Corgo,695,41.074,-7.9185,6,0,0,30.7,23.7945652173913,0,1234.5,2,0,-1.2,1393.2,133.3,238,30,1,0.92,0.7985714285714287,294.9,437.9,19.5,16.6,107.6,405.4,0,0,0,0.8404945238970744
BC10,2010,Baixo Corgo,695,41.074,-7.9185,16,0,0,33.3,25.627173913043475,0,1307.9,8,7,-4.1,1433.3000000000002,86.5,242,45,1,1.21,0.8771428571428572,349.5,458.2000000000001,23.9,19.6,79.80000000000001,476.7000000000001,0,1,1,1.0
BC10,2011,Baixo Corgo,695,41.074,-7.9185,6,0,0,32.8,23.63913043478261,0,1361.2000000000005,6,3,-2.9,1095.9,57.8,252,28,1,0.9733333333333332,0.8585714285714287,348.9,441.2,22.5,18.7,42.8,397.0,0,1,0,0.8826086956521738
BC10,2012,Baixo Corgo,695,41.074,-7.9185,5,0,0,32.3,22.85217391304348,0,1107.6999999999998,4,0,-1.5,939.3000000000002,72.9,251,30,1,0.8633333333333333,0.7014285714285714,260.8,310.40000000000003,27.8,22.0,65.7,549.9,0,0,0,0.8574999999999999
BC10,2013,Baixo Corgo,695,41.074,-7.9185,19,0,0,34.5,25.325,0,1285.2,9,3,-4.0,1441.3000000000002,48.0,243,33,1,1.2233333333333334,0.8871428571428571,393.80000000000007,458.2000000000001,22.1,18.4,40.2,483.7999999999999,0,1,0,0.9826086956521738
BC10,2014,Baixo Corgo,695,41.074,-7.9185,2,0,0,29.5,22.779347826086955,0,1158.7999999999995,2,0,-2.0,1742.5,112.8,215,24,1,0.8533333333333334,0.6885714285714286,267.20000000000005,286.5,24.4,24.4,90.6,630.0000000000001,0,0,0,0.8574999999999999
BC10,2015,Baixo Corgo,695,41.074,-7.9185,10,0,0,32.2,25.12934782608696,0,1270.3,5,0,-1.3,915.9,66.69999999999999,271,44,1,1.0466666666666666,0.8100000000000002,357.0,402.9,21.6,18.9,58.1,535.6,0,0,1,0.8401086956521739
BC10,2016,Baixo Corgo,695,41.074,-7.9185,21,0,0,33.4,25.88043478260869,0,1325.8,7,0,-1.5,1569.0000000000002,58.2,238,42,1,1.2333333333333334,0.8657142857142857,346.40000000000003,429.80000000000007,25.5,20.6,49.10000000000001,645.0,0,0,1,0.8826086956521738
BC10,2017,Baixo Corgo,695,41.074,-7.9185,10,0,0,32.5,24.5554347826087,0,1510.2,3,0,-0.8,903.0,76.4,264,37,1,1.1,0.9414285714285714,385.1,575.5000000000001,20.200000000000003,14.8,57.2,231.6,0,0,0,0.8018174603174604
BC10,2018,Baixo Corgo,695,41.074,-7.9185,9,0,0,34.9,23.248913043478257,0,1371.0,4,0,-1.1,1459.7,195.4,213,24,1,0.9,0.772857142857143,223.2,345.00000000000006,28.1,20.8,143.7,469.6,0,0,0,0.8401086956521739
BC10,2019,Baixo Corgo,695,41.074,-7.9185,3,0,0,30.9,22.28152173913043,0,1199.4,0,0,0.4,1723.4,127.2,232,19,1,0.85,0.7242857142857143,298.4,425.1,19.6,16.6,81.2,478.9000000000001,0,0,0,0.8408333333333333
BC10,2020,Baixo Corgo,695,41.074,-7.9185,13,0,0,32.1,24.078260869565216,0,1328.2,1,0,-1.5,1307.6,74.3,224,24,1,1.086666666666667,0.8242857142857144,349.0,426.4,22.5,18.6,54.0,531.8000000000001,0,0,0,0.7888888888888889
BC10,2021,Baixo Corgo,695,41.074,-7.9185,5,0,0,32.0,23.070652173913043,0,1166.9,0,0,0.7,1313.5,113.6,236,23,1,0.9533333333333336,0.74,306.6,329.3,24.1,24.1,76.5,543.0,0,0,0,0.8408333333333333
BC10,2022,Baixo Corgo,695,41.074,-7.9185,20,1,0,35.2,25.63152173913043,1,1502.0,4,0,-1.6,1332.1999999999998,111.1,228,41,1,1.1966666666666663,0.89,363.80000000000007,420.6,20.200000000000003,17.1,81.6,535.8,0,0,1,0.8826086956521738
BC10,2023,Baixo Corgo,695,41.074,-7.9185,7,1,0,35.9,24.369565217391305,1,1447.0,3,2,-3.0,1593.1,140.29999999999998,232,30,1,0.98,0.7971428571428572,294.7,348.6,24.0,24.0,128.70000000000002,704.7,0,0,0,0.8478337291936604
BC10,2024,Baixo Corgo,695,41.074,-7.9185,9,1,0,35.3,24.84130434782609,1,1345.6999999999998,0,0,0.2,1482.0,118.0,224,29,1,0.9933333333333332,0.7485714285714286,282.4,338.6,27.8,22.0,100.0,568.0999999999999,0,0,0,0.8574999999999999
BC11,1995,Baixo Corgo,92,41.1795,-7.7125,20,1,0,36.5,26.484782608695657,1,1619.5,1,0,-0.3,1069.7000000000005,94.4,254,40,0,1.13,0.9328571428571428,360.20000000000005,476.9,12.8,11.2,74.4,328.70000000000005,0,0,0,0.06802631578947368
BC11,1996,Baixo Corgo,92,41.1795,-7.7125,25,0,0,33.1,26.29673913043478,0,1409.7,4,1,-2.1,1198.1,47.6,230,17,0,1.18,0.8757142857142856,367.5,435.00000000000006,18.1,13.9,36.2,309.80000000000007,0,0,0,0.0
BC11,1997,Baixo Corgo,92,41.1795,-7.7125,13,0,0,33.5,23.67065217391304,0,1492.4,0,0,3.4,1216.6999999999998,192.5,232,41,0,0.81,0.7814285714285715,189.8,279.2,20.5,16.5,157.9,607.6000000000001,0,0,0,0.014349232738740544
BC11,1998,Baixo Corgo,92,41.1795,-7.7125,33,5,0,36.0,27.14673913043478,5,1478.6999999999998,1,0,-1.0,788.1,77.19999999999999,263,26,1,1.1866666666666668,0.8214285714285714,328.8,344.5,18.4,18.4,66.50000000000001,563.8000000000001,0,0,0,0.44536455275196013
BC11,1999,Baixo Corgo,92,41.1795,-7.7125,13,0,0,34.0,25.815217391304344,0,1368.2000000000005,1,0,-0.1,963.1,97.0,259,28,0,1.0166666666666668,0.7614285714285715,314.7,326.8,18.2,18.2,70.6,697.2,0,0,0,0.0
BC11,2000,Baixo Corgo,92,41.1795,-7.7125,21,0,0,32.7,25.36521739130435,0,1340.6,2,0,-0.3,1217.4,52.7,241,30,0,1.086666666666667,0.7971428571428573,337.79999999999995,395.4,18.5,15.2,35.9,578.7,0,0,0,0.0
BC11,2001,Baixo Corgo,92,41.1795,-7.7125,23,0,0,34.2,25.539130434782617,0,1436.7999999999995,0,0,0.8,1217.1999999999998,85.00000000000001,255,42,0,0.9933333333333332,0.8342857142857143,345.90000000000003,443.2000000000001,16.400000000000002,13.8,55.900000000000006,411.6,0,0,0,0.0
BC11,2002,Baixo Corgo,92,41.1795,-7.7125,9,0,0,32.6,25.4608695652174,0,1329.4,2,1,-2.4,1098.0,57.3,242,20,0,1.0066666666666666,0.7642857142857143,352.20000000000005,395.30000000000007,15.8,15.8,52.5,487.80000000000007,0,0,0,0.0
BC11,2003,Baixo Corgo,92,41.1795,-7.7125,27,9,0,36.2,26.669565217391305,4,1551.4,0,0,1.7,1072.4,125.3,249,29,1,1.08,0.8871428571428571,320.50000000000006,458.80000000000007,15.2,12.9,92.70000000000002,547.5999999999999,0,0,0,0.9603174603174605
BC11,2004,Baixo Corgo,92,41.1795,-7.7125,14,0,0,33.7,26.266304347826093,0,1508.7000000000005,4,2,-5.4,617.0,102.4,282,27,0,1.0833333333333333,0.8771428571428571,348.50000000000006,457.2000000000001,15.5,13.1,76.5,433.30000000000007,0,0,0,0.010526315789473684
BC11,2005,Baixo Corgo,92,41.1795,-7.7125,38,2,0,35.1,28.393478260869564,2,1681.8000000000002,9,5,-5.4,659.8,24.3,284,39,1,1.47,1.0714285714285716,445.7000000000001,556.1,16.7,13.9,23.9,440.2000000000001,0,1,0,1.0
BC11,2006,Baixo Corgo,92,41.1795,-7.7125,36,2,0,35.9,27.348913043478262,1,1688.6999999999998,4,1,-2.5,1075.9,93.4,260,27,0,1.2966666666666666,0.9814285714285712,363.30000000000007,442.6000000000001,15.2,15.0,87.60000000000001,584.9000000000001,0,0,0,0.08102941176470588
BC11,2007,Baixo Corgo,92,41.1795,-7.7125,7,1,0,35.4,24.14565217391304,1,1376.3,2,0,-0.9,562.1,105.7,279,46,1,0.9533333333333333,0.8685714285714285,287.20000000000005,413.5,18.3,12.8,99.3,325.20000000000005,0,0,1,0.810984126984127
BC11,2008,Baixo Corgo,92,41.1795,-7.7125,12,0,0,34.7,24.75326086956522,0,1251.3,2,1,-2.2,781.5000000000001,41.3,252,17,0,0.95,0.7657142857142858,311.9,352.4,18.5,12.9,36.400000000000006,480.3,0,0,0,0.0
BC11,2009,Baixo Corgo,92,41.1795,-7.7125,22,0,0,33.3,25.873913043478257,0,1529.5,0,0,0.4,983.0,91.2,259,33,0,1.0533333333333337,0.95,339.2,528.0,14.1,12.1,77.9,329.50000000000006,0,0,0,0.0
BC11,2010,Baixo Corgo,92,41.1795,-7.7125,32,1,0,35.6,27.44782608695652,1,1595.0,5,2,-2.8,1098.4,65.60000000000001,250,45,1,1.33,1.0057142857142858,378.4,492.6,16.3,13.7,68.7,427.9,0,0,1,0.8931350114416476
BC11,2011,Baixo Corgo,92,41.1795,-7.7125,12,1,0,35.6,25.497826086956525,1,1684.7000000000005,2,1,-2.2,826.9000000000001,47.2,271,24,0,1.09,0.9985714285714284,386.9,486.9,15.5,13.1,40.8,358.70000000000005,0,0,0,0.0
BC11,2012,Baixo Corgo,92,41.1795,-7.7125,21,0,0,34.4,24.80978260869565,0,1364.0,1,0,-0.1,676.3,56.7,265,30,0,0.99,0.8271428571428572,311.6,373.1,18.2,15.0,52.2,468.5,0,0,0,0.0
BC11,2013,Baixo Corgo,92,41.1795,-7.7125,31,6,0,36.5,27.20434782608696,5,1557.6999999999998,2,1,-2.8,1043.0,28.6,258,38,1,1.3666666666666665,1.02,424.7000000000001,492.50000000000006,15.7,13.3,28.9,416.30000000000007,0,0,0,0.9714975845410627
BC11,2014,Baixo Corgo,92,41.1795,-7.7125,11,0,0,32.4,24.80434782608696,0,1479.3,1,0,-0.6,1291.1999999999998,68.00000000000001,232,24,0,0.9733333333333332,0.822857142857143,327.1,351.1,17.2,17.2,62.6,538.7,0,0,0,0.0
BC11,2015,Baixo Corgo,92,41.1795,-7.7125,24,0,0,34.5,27.172826086956523,0,1583.7,1,0,-0.1,680.2,57.6,281,37,0,1.1966666666666663,0.9585714285714284,384.9,470.3,15.0,12.8,55.2,467.9,0,0,0,0.0
BC11,2016,Baixo Corgo,92,41.1795,-7.7125,39,2,0,35.1,27.75652173913043,1,1614.1,4,0,-0.6,1214.8,45.4,245,40,0,1.3633333333333333,0.9885714285714284,367.1,442.5,18.5,15.2,41.599999999999994,578.8000000000001,0,0,0,0.25327755735725377
BC11,2017,Baixo Corgo,92,41.1795,-7.7125,34,4,0,36.2,27.81195652173913,3,1801.0,1,0,-1.7,548.1,27.1,298,49,1,1.25,1.11,412.2000000000001,620.9999999999999,12.9,10.0,51.0,193.0,0,0,1,0.9833333333333332
BC11,2018,Baixo Corgo,92,41.1795,-7.7125,29,4,1,38.7,26.458695652173915,4,1634.4999999999998,1,0,-0.7,907.5,106.1,258,46,1,0.9866666666666668,0.8957142857142857,260.0,382.0,19.4,14.5,128.7,412.30000000000007,0,0,1,0.9833333333333332
BC11,2019,Baixo Corgo,92,41.1795,-7.7125,21,1,0,35.2,25.90434782608696,1,1487.8,1,0,-0.7,908.6,77.9,262,27,0,0.98,0.8714285714285716,322.9,473.6,15.2,12.9,70.60000000000001,405.3,0,0,0,0.0
BC11,2020,Baixo Corgo,92,41.1795,-7.7125,46,2,0,36.8,27.453260869565216,1,1628.2,0,0,1.3,806.7,33.099999999999994,254,34,0,1.2300000000000002,0.9671428571428572,387.7000000000001,459.7,16.5,13.8,41.6,470.6,0,0,0,0.06802631578947368
BC11,2021,Baixo Corgo,92,41.1795,-7.7125,25,1,0,35.1,26.666304347826088,1,1488.5,0,0,0.7,791.4000000000001,54.2,266,29,0,1.08,0.8671428571428572,351.0,380.0,16.5,16.5,65.4,474.8,0,0,0,0.0
BC11,2022,Baixo Corgo,92,41.1795,-7.7125,59,17,5,41.0,29.942391304347822,6,1891.7000000000005,3,0,-1.3,855.3,65.0,255,49,1,1.393333333333333,1.0842857142857143,385.6,486.9,15.2,12.9,71.10000000000001,452.6,1,0,1,1.0
BC11,2023,Baixo Corgo,92,41.1795,-7.7125,34,4,3,39.8,27.921739130434784,3,1801.8,2,0,-1.0,947.2,69.69999999999999,258,30,1,1.096666666666667,0.9385714285714284,328.5,410.1,13.9,13.9,109.7,608.7,0,0,0,0.55991515938004
BC11,2024,Baixo Corgo,92,41.1795,-7.7125,39,5,1,38.6,28.34347826086957,2,1635.9,1,0,-0.5,895.9000000000001,50.900000000000006,252,65,1,1.1166666666666667,0.8685714285714285,328.90000000000003,396.4,16.8,14.1,84.2,491.2000000000001,0,0,1,0.9714975845410627
BC12,1995,Baixo Corgo,610,41.0605,-7.7825,17,1,0,36.7,26.446739130434786,1,1644.6999999999998,1,0,-0.4,1036.5,98.1,250,40,0,1.2633333333333334,1.002857142857143,373.6,493.3,13.1,11.4,81.6,353.80000000000007,0,0,0,0.09561188811188812
BC12,1996,Baixo Corgo,610,41.0605,-7.7825,23,0,0,33.0,26.197826086956525,0,1435.2,3,0,-1.6,1148.5,46.7,227,17,0,1.3,0.9385714285714288,376.1,442.7,18.8,14.1,36.400000000000006,334.40000000000003,0,0,0,0.06802631578947368
BC12,1997,Baixo Corgo,610,41.0605,-7.7825,13,0,0,33.0,23.5858695652174,0,1503.4,0,0,3.6,1180.6,194.00000000000003,235,40,0,0.9266666666666667,0.8442857142857143,194.40000000000003,275.40000000000003,21.6,17.2,167.60000000000002,656.6000000000001,0,0,0,0.08102941176470588
BC12,1998,Baixo Corgo,610,41.0605,-7.7825,30,5,0,35.7,27.064130434782605,5,1509.1,1,0,-0.7,795.5,86.69999999999999,259,26,1,1.3166666666666669,0.89,327.3,335.70000000000005,18.9,18.9,75.2,611.5,0,0,0,0.8263993316624896
BC12,1999,Baixo Corgo,610,41.0605,-7.7825,14,0,0,33.8,25.767391304347825,0,1400.1999999999998,0,0,0.4,904.1,93.39999999999998,260,29,0,1.1366666666666667,0.8271428571428572,331.1,342.90000000000003,18.7,18.7,71.5,727.9000000000001,0,0,0,0.010526315789473684
BC12,2000,Baixo Corgo,610,41.0605,-7.7825,19,0,0,32.3,25.26413043478261,0,1366.6,1,0,-0.1,1147.6999999999998,46.3,238,30,0,1.2133333333333336,0.8685714285714285,356.40000000000003,417.1,18.9,15.5,37.7,610.6,0,0,0,0.06802631578947368
BC12,2001,Baixo Corgo,610,41.0605,-7.7825,23,0,0,34.1,25.39130434782609,0,1462.7000000000005,0,0,0.6,1151.0,82.79999999999998,255,42,0,1.1133333333333333,0.9014285714285716,359.70000000000005,460.1,17.0,14.3,58.80000000000001,437.1,0,0,0,0.0907535885167464
BC12,2002,Baixo Corgo,610,41.0605,-7.7825,8,0,0,32.4,25.37173913043478,0,1355.8,2,0,-1.0,1053.0,58.4,244,20,0,1.1333333333333333,0.8285714285714284,366.0,405.5,16.6,16.6,55.7,512.2,0,0,0,0.0
BC12,2003,Baixo Corgo,610,41.0605,-7.7825,27,8,0,35.9,26.546739130434784,4,1567.0,0,0,1.9,1044.4,104.9,249,29,1,1.2166666666666666,0.9614285714285716,341.8,486.8,15.5,13.2,91.9,578.8000000000001,0,0,0,0.9603174603174605
BC12,2004,Baixo Corgo,610,41.0605,-7.7825,13,0,0,33.4,26.1108695652174,0,1523.0000000000002,3,2,-4.2,595.5999999999999,93.5,283,29,0,1.2166666666666668,0.9457142857142858,363.7000000000001,473.1000000000001,16.400000000000002,13.8,78.30000000000001,464.0,0,0,0,0.06802631578947368
BC12,2005,Baixo Corgo,610,41.0605,-7.7825,36,2,0,35.5,28.240217391304352,2,1705.3,9,5,-4.7,644.8,21.0,288,39,1,1.61,1.1471428571428572,467.0,584.0,17.1,14.3,23.8,462.5,0,1,0,1.0
BC12,2006,Baixo Corgo,610,41.0605,-7.7825,35,2,0,35.3,27.18695652173913,1,1709.6,3,1,-2.4,1023.4,99.9,258,28,0,1.4366666666666663,1.06,376.7000000000001,464.4,15.5,14.3,95.3,614.2,0,0,0,0.17189780790880724
BC12,2007,Baixo Corgo,610,41.0605,-7.7825,6,0,0,34.7,24.03478260869565,0,1399.5,2,0,-0.9,559.1,96.20000000000002,274,25,0,1.0766666666666669,0.9314285714285716,299.6,425.7000000000001,19.4,13.4,100.7,343.5,0,0,0,0.07288461538461538
BC12,2008,Baixo Corgo,610,41.0605,-7.7825,12,0,0,34.0,24.66739130434783,0,1274.4,2,0,-1.5,741.5,38.9,252,15,0,1.0733333333333337,0.832857142857143,329.09999999999997,370.69999999999993,18.9,13.5,38.1,511.00000000000006,0,0,0,0.0
BC12,2009,Baixo Corgo,610,41.0605,-7.7825,21,0,0,32.7,25.71630434782608,0,1553.4,0,0,0.3,949.1,83.9,255,31,0,1.1833333333333331,1.0171428571428571,352.8,538.1,14.5,12.5,83.3,353.6,0,0,0,0.06802631578947368
BC12,2010,Baixo Corgo,610,41.0605,-7.7825,31,1,0,35.3,27.403260869565223,1,1618.4,6,1,-2.8,1077.9,66.3,248,54,1,1.4566666666666668,1.07,389.7000000000001,504.5,17.0,14.3,73.4,461.7000000000001,0,0,1,0.9826086956521738
BC12,2011,Baixo Corgo,610,41.0605,-7.7825,12,0,0,34.8,25.43804347826088,0,1711.9,3,0,-1.4,794.5999999999999,47.49999999999999,266,36,0,1.2,1.06,398.4,497.1,16.7,14.0,42.2,379.6,0,0,0,0.06802631578947368
BC12,2012,Baixo Corgo,610,41.0605,-7.7825,20,0,0,34.1,24.736956521739128,0,1395.9,1,0,-0.1,679.5,50.900000000000006,268,30,0,1.11,0.8928571428571429,327.4,390.7,18.7,15.4,54.2,502.30000000000007,0,0,0,0.02857142857142857
BC12,2013,Baixo Corgo,610,41.0605,-7.7825,32,4,0,36.3,27.13152173913043,4,1589.6,2,1,-2.5,1012.0,26.8,263,38,1,1.4866666666666666,1.0828571428571427,441.50000000000006,508.6,16.3,13.7,30.3,447.3,0,0,0,0.8820239003305363
BC12,2014,Baixo Corgo,610,41.0605,-7.7825,8,0,0,31.8,24.65760869565218,0,1494.1999999999998,1,0,-0.4,1211.1,65.8,232,28,0,1.09,0.8828571428571428,340.20000000000005,364.4,17.7,17.7,68.10000000000001,565.9,0,0,0,0.06802631578947368
BC12,2015,Baixo Corgo,610,41.0605,-7.7825,23,0,0,34.3,27.04565217391304,0,1614.8000000000002,0,0,0.2,632.5000000000001,49.0,282,44,1,1.3233333333333333,1.0257142857142856,405.6,489.5000000000001,15.4,13.1,52.900000000000006,487.6,0,0,1,0.6645764813872115
BC12,2016,Baixo Corgo,610,41.0605,-7.7825,38,2,0,35.1,27.68152173913044,1,1644.6,2,0,-0.2,1146.7,47.400000000000006,245,40,0,1.4933333333333334,1.0642857142857145,383.9,468.80000000000007,18.9,15.5,43.4,609.8000000000001,0,0,0,0.1748281130634072
BC12,2017,Baixo Corgo,610,41.0605,-7.7825,31,3,0,36.3,27.70978260869565,2,1798.8,2,0,-1.8,506.8,42.3,293,47,1,1.393333333333333,1.1871428571428573,428.5,642.2,13.3,10.2,55.400000000000006,206.00000000000003,0,0,1,0.8708437761069341
BC12,2018,Baixo Corgo,610,41.0605,-7.7825,25,4,0,37.3,26.27717391304348,4,1621.6999999999998,4,0,-0.7,888.9000000000001,105.79999999999998,253,44,1,1.1166666666666667,0.96,277.6,397.6,19.4,14.8,128.4,434.6,0,0,1,1.0
BC12,2019,Baixo Corgo,610,41.0605,-7.7825,19,1,0,35.6,25.83152173913044,1,1485.2999999999995,1,0,-0.5,837.6,76.30000000000001,265,27,0,1.1,0.9357142857142856,339.40000000000003,495.2000000000001,15.5,13.2,73.4,433.7,0,0,0,0.0
BC12,2020,Baixo Corgo,610,41.0605,-7.7825,48,2,0,36.5,27.35217391304348,1,1621.1,1,0,-0.7,752.9000000000001,27.700000000000003,260,61,1,1.3633333333333333,1.0400000000000005,402.2000000000001,477.5,17.1,14.3,45.3,508.6000000000001,0,0,1,0.9826086956521738
BC12,2021,Baixo Corgo,610,41.0605,-7.7825,24,1,0,35.4,26.51195652173913,1,1488.6,1,0,-0.2,742.4,68.2,271,24,0,1.2066666666666668,0.9385714285714286,363.7000000000001,393.7000000000001,16.7,16.7,72.0,509.7000000000001,0,0,0,0.06802631578947368
BC12,2022,Baixo Corgo,610,41.0605,-7.7825,58,18,6,41.3,29.83695652173913,9,1905.4,4,0,-1.6,778.5999999999999,68.6,256,41,1,1.5366666666666664,1.1557142857142857,406.4,504.2000000000001,15.5,13.2,69.7,475.4,1,0,0,0.9833333333333332
BC12,2023,Baixo Corgo,610,41.0605,-7.7825,34,4,3,39.9,27.80217391304348,3,1817.6,1,1,-3.6,917.8,66.1,261,55,1,1.2333333333333334,1.0171428571428571,342.5,415.5,14.2,14.2,115.3,650.1,0,0,1,1.0
BC12,2024,Baixo Corgo,610,41.0605,-7.7825,35,5,1,38.5,28.36304347826087,2,1670.4,0,0,0.1,837.2,57.9,257,46,1,1.25,0.9414285714285714,341.8,419.8,17.2,14.3,90.1,515.7,0,0,1,0.8708437761069341
CC01,1995,Cima Corgo,105,41.192,-7.542,48,4,1,39.3,29.42173913043479,1,2153.9999999999995,0,0,2.7,818.0,86.5,261,40,0,1.0599999999999998,0.92,344.9,477.9,9.6,8.4,85.3,354.4,0,0,0,0.1084128009762654
CC01,1996,Cima Corgo,105,41.192,-7.542,43,8,0,36.1,29.24347826086956,6,1942.7000000000005,1,0,-0.5,951.5,46.8,248,27,0,1.13,0.8585714285714285,360.2,418.8,13.9,10.6,49.2,338.70000000000005,0,0,0,0.11614459205436682
CC01,1997,Cima Corgo,105,41.192,-7.542,37,4,0,36.5,26.7,3,2044.1,0,0,5.5,959.3,151.00000000000003,250,41,0,0.7666666666666666,0.7842857142857144,176.10000000000002,267.70000000000005,16.400000000000002,13.0,165.70000000000002,636.9000000000001,0,0,0,0.10375668449197861
CC01,1998,Cima Corgo,105,41.192,-7.542,61,13,5,38.8,30.13369565217392,7,1984.7,0,0,0.8,603.2,63.6,272,26,0,1.1466666666666667,0.8099999999999999,334.29999999999995,344.7,14.1,14.1,69.80000000000001,580.3,1,0,0,0.09697831672293325
CC01,1999,Cima Corgo,105,41.192,-7.542,51,7,0,36.9,29.053260869565225,4,1920.1,0,0,1.8,734.8,81.69999999999999,271,28,0,0.9866666666666668,0.7514285714285716,314.90000000000003,322.5,14.0,14.0,79.10000000000001,734.8,0,0,0,0.07288461538461538
CC01,2000,Cima Corgo,105,41.192,-7.542,44,8,0,35.8,28.430434782608696,2,1860.1,0,0,1.5,920.9,37.7,252,48,0,1.0366666666666668,0.7828571428571429,350.3,408.1,14.1,11.6,35.5,588.9,0,0,0,0.11665991029843022
CC01,2001,Cima Corgo,105,41.192,-7.542,54,8,0,37.2,28.79782608695652,3,1983.8,0,0,3.1,932.7,69.30000000000001,268,42,0,0.9666666666666668,0.8285714285714286,351.3,441.2000000000001,10.9,9.4,64.30000000000001,438.6,0,0,0,0.09561188811188812
CC01,2002,Cima Corgo,105,41.192,-7.542,39,2,0,35.7,28.659782608695657,1,1868.4,1,0,-0.1,901.4,43.0,257,20,0,0.96,0.7414285714285714,355.5,402.0,11.2,11.2,55.0,549.5,0,0,0,0.0
CC01,2003,Cima Corgo,105,41.192,-7.542,55,21,8,39.2,29.90869565217391,15,2099.3,0,0,4.1,853.5999999999999,97.0,262,29,1,1.05,0.8771428571428571,318.3,465.1,11.6,9.9,98.4,590.3000000000001,1,0,0,0.9443174603174604
CC01,2004,Cima Corgo,105,41.192,-7.542,56,7,0,36.7,29.50652173913043,3,2037.9999999999995,1,1,-2.6,467.5,64.2,299,30,0,1.0533333333333337,0.8771428571428571,352.1000000000001,462.50000000000006,11.3,9.6,76.6,459.2000000000001,0,0,0,0.07117449905080467
CC01,2005,Cima Corgo,105,41.192,-7.542,75,18,1,38.5,31.62934782608696,4,2243.8,3,2,-2.9,533.3,21.9,296,39,1,1.4533333333333331,1.0800000000000003,455.7000000000001,574.1,11.6,9.8,26.5,475.7,0,0,0,0.9714975845410627
CC01,2006,Cima Corgo,105,41.192,-7.542,69,13,2,39.0,30.45217391304348,6,2247.6,1,0,-0.3,856.8999999999999,76.0,261,27,0,1.2533333333333332,0.9714285714285714,359.20000000000005,455.2000000000001,11.6,11.6,91.70000000000002,640.6000000000001,0,0,0,0.3781019278275156
CC01,2007,Cima Corgo,105,41.192,-7.542,32,3,1,38.8,27.24347826086957,2,1899.8,0,0,0.9,461.4,82.5,283,46,0,0.9166666666666666,0.8514285714285714,291.2,391.5,12.9,9.3,101.6,360.4000000000001,0,0,0,0.10365681432319802
CC01,2008,Cima Corgo,105,41.192,-7.542,29,4,0,37.9,28.063043478260862,2,1795.0999999999997,0,0,0.6,599.0,25.5,270,21,0,0.93,0.7642857142857142,330.90000000000003,354.70000000000005,14.1,10.5,34.5,490.2000000000001,0,0,0,0.0
CC01,2009,Cima Corgo,105,41.192,-7.542,54,8,0,36.3,29.28586956521739,4,2082.5,0,0,3.0,746.7,58.2,275,50,1,1.0266666666666666,0.9528571428571428,353.20000000000005,559.8000000000001,9.7,8.4,68.3,330.0,0,0,1,0.9714975845410627
CC01,2010,Cima Corgo,105,41.192,-7.542,69,13,1,38.2,30.39130434782609,5,2111.0000000000005,1,0,-0.4,903.6,54.9,260,54,1,1.26,0.9771428571428572,375.2,481.2000000000001,12.0,10.1,70.9,466.8,0,0,1,1.0
CC01,2011,Cima Corgo,105,41.192,-7.542,51,6,1,38.5,28.62391304347826,2,2235.8,0,0,0.3,678.8000000000001,42.3,278,36,0,1.0366666666666666,0.9814285714285716,380.30000000000007,480.50000000000006,11.4,9.7,49.60000000000001,388.1,0,0,0,0.06802631578947368
CC01,2012,Cima Corgo,105,41.192,-7.542,46,11,1,38.0,28.315217391304344,3,1897.4,0,0,2.3,529.9000000000001,37.2,284,35,0,0.9733333333333332,0.8271428571428573,333.6,395.50000000000006,13.8,11.4,48.6,478.9,0,0,0,0.039097744360902256
CC01,2013,Cima Corgo,105,41.192,-7.542,62,17,4,38.9,30.20434782608696,9,2061.7,1,0,-0.8,800.9000000000001,21.200000000000003,267,38,1,1.3133333333333332,0.9928571428571428,428.4,488.00000000000006,11.6,9.9,27.0,451.5,0,0,0,0.9603174603174605
CC01,2014,Cima Corgo,105,41.192,-7.542,35,3,0,36.2,28.09565217391304,2,2045.0,0,0,1.5,952.6,40.4,251,28,0,0.95,0.8228571428571428,348.1,370.4,12.6,12.6,54.1,539.7,0,0,0,0.0
CC01,2015,Cima Corgo,105,41.192,-7.542,64,13,1,38.2,30.47717391304348,3,2165.0,0,0,2.4,528.4,51.8,289,30,0,1.1733333333333331,0.9628571428571427,381.3,484.7,11.3,9.7,61.1,496.2000000000001,0,0,0,0.06802631578947368
CC01,2016,Cima Corgo,105,41.192,-7.542,70,22,1,37.7,30.80434782608695,6,2140.3,0,0,1.6,932.5,32.800000000000004,256,40,1,1.3033333333333337,0.965714285714286,378.3,450.4,14.1,11.6,40.900000000000006,606.8000000000001,0,0,0,0.9603174603174605
CC01,2017,Cima Corgo,105,41.192,-7.542,69,17,3,38.7,30.61195652173914,6,2379.8,0,0,0.1,507.80000000000007,23.6,296,50,1,1.2233333333333334,1.1185714285714283,406.2,633.9,9.9,7.6,55.7,190.4,0,0,1,0.9833333333333332
CC01,2018,Cima Corgo,105,41.192,-7.542,65,13,4,40.8,29.3195652173913,6,2168.6,0,0,1.3,816.7,87.6,262,46,0,0.93,0.8785714285714284,269.8,383.2000000000001,13.0,10.8,126.9,420.9,0,0,0,0.8548437761069341
CC01,2019,Cima Corgo,105,41.192,-7.542,56,7,1,38.5,28.87608695652174,2,2047.6,0,0,3.3,790.4000000000001,65.1,270,27,0,0.96,0.88,318.80000000000007,486.0,11.6,9.9,79.80000000000001,404.50000000000006,0,0,0,0.0681220711084805
CC01,2020,Cima Corgo,105,41.192,-7.542,68,23,1,39.8,30.35217391304348,6,2206.6000000000004,0,0,3.7,710.3999999999999,27.6,271,56,1,1.1933333333333334,0.9614285714285716,399.9,463.4,11.6,9.9,39.0,503.00000000000006,0,0,1,1.0
CC01,2021,Cima Corgo,105,41.192,-7.542,51,9,0,37.9,29.647826086956524,3,2082.5,0,0,2.4,705.3,51.2,279,29,0,1.0533333333333337,0.8628571428571429,354.5,394.2000000000001,11.6,11.6,72.30000000000001,500.0,0,0,0,0.06802631578947368
CC01,2022,Cima Corgo,105,41.192,-7.542,84,45,21,43.4,33.17934782608696,14,2495.9,0,0,1.4,773.3,52.5,263,61,1,1.3966666666666665,1.1214285714285714,395.5,513.9000000000001,11.6,9.9,66.30000000000001,467.5,1,0,1,1.0
CC01,2023,Cima Corgo,105,41.192,-7.542,72,13,4,42.1,30.69347826086957,5,2394.7000000000003,0,0,0.9,829.0,56.2,264,55,1,1.0466666666666666,0.94,332.4,417.7000000000001,9.9,9.9,108.0,643.1,0,0,1,0.9833333333333332
CC01,2024,Cima Corgo,105,41.192,-7.542,62,16,5,41.2,31.167391304347827,9,2195.8,0,0,2.9,777.8000000000001,39.8,266,65,1,1.0833333333333333,0.8600000000000001,342.9,414.1,11.6,9.9,83.2,504.4,1,0,1,0.9826086956521738
CC02,1995,Cima Corgo,350,41.2185,-7.5035,28,1,0,37.7,27.77065217391304,1,1809.4,0,0,1.0,818.0,86.5,261,40,0,1.12,0.9385714285714286,355.5,494.7000000000001,9.1,7.9,83.8,345.90000000000003,0,0,0,0.039097744360902256
CC02,1996,Cima Corgo,350,41.2185,-7.5035,31,0,0,34.4,27.59021739130435,0,1595.5,4,1,-2.1,951.5,46.8,248,27,0,1.2,0.8828571428571428,377.4,443.6,13.0,9.4,48.8,329.8,0,0,0,0.010526315789473684
CC02,1997,Cima Corgo,350,41.2185,-7.5035,23,0,0,34.9,25.05760869565218,0,1691.8,0,0,3.9,959.3,151.00000000000003,250,41,0,0.8333333333333334,0.8085714285714286,192.90000000000003,293.70000000000005,15.3,12.2,160.2,615.0,0,0,0,0.010526315789473684
CC02,1998,Cima Corgo,350,41.2185,-7.5035,40,6,0,37.2,28.484782608695657,5,1656.6999999999998,1,0,-0.8,603.2,63.6,272,26,0,1.2133333333333334,0.8328571428571427,351.6,366.3,13.3,13.3,67.2,565.4,0,0,0,0.10375668449197861
CC02,1999,Cima Corgo,350,41.2185,-7.5035,28,2,0,35.3,27.40434782608695,1,1571.3999999999996,0,0,0.2,734.8,81.69999999999999,271,28,0,1.0566666666666666,0.7785714285714287,329.6,337.0,13.3,13.3,77.10000000000001,717.9000000000001,0,0,0,0.0
CC02,2000,Cima Corgo,350,41.2185,-7.5035,29,0,0,34.1,26.78478260869565,0,1528.8000000000002,1,0,-0.1,920.9,37.7,252,48,0,1.086666666666667,0.7999999999999999,364.8,427.8,13.4,11.0,33.699999999999996,583.0,0,0,0,0.010526315789473684
CC02,2001,Cima Corgo,350,41.2185,-7.5035,33,2,0,35.6,27.15217391304348,1,1638.2999999999995,0,0,1.5,932.7,69.30000000000001,268,42,0,1.0366666666666666,0.85,365.4,460.9,10.3,8.8,61.10000000000001,425.30000000000007,0,0,0,0.0
CC02,2002,Cima Corgo,350,41.2185,-7.5035,20,0,0,34.0,27.018478260869568,0,1528.6999999999998,1,0,-1.8,901.4,43.0,257,20,0,1.0133333333333334,0.7599999999999999,367.2000000000001,417.50000000000006,10.6,10.6,53.0,544.5,0,0,0,0.0
CC02,2003,Cima Corgo,350,41.2185,-7.5035,44,15,0,37.5,28.26630434782609,12,1755.2,0,0,2.4,853.5999999999999,97.0,262,29,1,1.116666666666667,0.9000000000000001,327.20000000000005,479.6000000000001,11.0,9.4,98.2,580.8,0,0,0,0.9714975845410627
CC02,2004,Cima Corgo,350,41.2185,-7.5035,24,1,0,35.1,27.86086956521739,1,1702.4,2,1,-4.3,467.5,64.2,299,30,0,1.1233333333333333,0.9014285714285716,368.6,487.2000000000001,10.6,9.1,71.7,443.4,0,0,0,0.0
CC02,2005,Cima Corgo,350,41.2185,-7.5035,54,6,0,36.8,29.98369565217392,3,1898.2,8,3,-4.6,533.3,21.9,296,39,1,1.51,1.0957142857142856,466.2000000000001,589.9000000000001,10.9,9.3,26.700000000000003,465.1,0,1,0,1.0
CC02,2006,Cima Corgo,350,41.2185,-7.5035,52,5,0,37.3,28.79673913043479,3,1893.1000000000004,3,0,-1.9,856.8999999999999,76.0,261,27,0,1.3099999999999998,0.9857142857142857,371.8,468.2000000000001,11.0,11.0,88.7,631.1,0,0,0,0.202297165200391
CC02,2007,Cima Corgo,350,41.2185,-7.5035,18,1,0,37.1,25.592391304347824,1,1554.2,2,0,-0.7,461.4,82.5,283,46,0,0.98,0.8671428571428572,304.1,410.00000000000006,12.0,8.700000000000001,102.4,360.7,0,0,0,0.10365681432319802
CC02,2008,Cima Corgo,350,41.2185,-7.5035,23,1,0,36.2,26.413043478260875,1,1456.1999999999998,2,0,-1.0,599.0,25.5,270,21,0,0.9933333333333336,0.7842857142857144,344.20000000000005,375.30000000000007,13.4,9.4,32.800000000000004,484.9,0,0,0,0.0
CC02,2009,Cima Corgo,350,41.2185,-7.5035,37,0,0,34.7,27.634782608695648,0,1745.6,0,0,1.3,746.7,58.2,275,50,1,1.096666666666667,0.977142857142857,366.8,584.2,8.9,7.800000000000001,65.4,319.70000000000005,0,0,1,0.9603174603174605
CC02,2010,Cima Corgo,350,41.2185,-7.5035,49,3,0,36.5,28.74347826086957,1,1766.6999999999998,5,0,-2.0,903.6,54.9,260,54,1,1.3233333333333337,0.9957142857142858,389.0,498.2000000000001,11.0,9.4,70.7,455.80000000000007,0,0,1,0.9833333333333332
CC02,2011,Cima Corgo,350,41.2185,-7.5035,27,1,0,36.8,26.96630434782608,1,1881.4000000000003,2,0,-1.4,678.8000000000001,42.3,278,36,0,1.0933333333333335,0.9928571428571428,390.2,496.5,10.8,9.2,48.400000000000006,380.6,0,0,0,0.0
CC02,2012,Cima Corgo,350,41.2185,-7.5035,32,4,0,36.4,26.67065217391305,2,1577.0,0,0,0.6,529.9000000000001,37.2,284,35,0,1.0366666666666668,0.8485714285714286,347.70000000000005,414.6,13.0,10.7,46.400000000000006,466.0,0,0,0,0.0
CC02,2013,Cima Corgo,350,41.2185,-7.5035,45,7,0,37.2,28.544565217391305,5,1730.0,3,1,-2.5,800.9000000000001,21.200000000000003,267,38,1,1.3733333333333333,1.0114285714285716,439.6,503.0,11.0,9.3,26.6,441.30000000000007,0,0,0,0.9722222222222221
CC02,2014,Cima Corgo,350,41.2185,-7.5035,19,0,0,34.6,26.43804347826088,0,1696.4,1,0,-0.2,952.6,40.4,251,28,0,1.0166666666666668,0.8471428571428571,363.9,386.2000000000001,11.7,11.7,51.0,528.0,0,0,0,0.0
CC02,2015,Cima Corgo,350,41.2185,-7.5035,42,4,0,36.6,28.829347826086952,3,1811.4,0,0,0.7,528.4,51.8,289,30,0,1.24,0.9842857142857142,390.1,499.8,10.7,9.2,63.10000000000001,492.0,0,0,0,0.06802631578947368
CC02,2016,Cima Corgo,350,41.2185,-7.5035,52,8,0,36.0,29.153260869565216,2,1800.3999999999996,0,0,-0.0,932.5,32.800000000000004,256,40,1,1.37,0.9871428571428572,393.1,467.6,13.4,11.0,39.6,604.8000000000001,0,0,0,0.7043772179552373
CC02,2017,Cima Corgo,350,41.2185,-7.5035,48,8,0,37.7,29.10217391304348,3,1975.1,1,0,-0.9,539.5,51.0,291,28,1,1.2833333333333334,1.132857142857143,418.9,659.0,9.4,7.2,52.5,183.1,0,0,0,0.5650169709306138
CC02,2018,Cima Corgo,350,41.2185,-7.5035,42,5,2,38.9,27.642391304347825,5,1776.3000000000002,3,1,-2.1,918.5,88.1,263,62,1,0.9966666666666668,0.9000000000000001,277.3,403.1,12.4,9.6,127.90000000000002,417.1,0,0,1,1.0
CC02,2019,Cima Corgo,350,41.2185,-7.5035,39,1,0,36.8,27.34565217391304,1,1672.5,1,0,-0.2,804.8,77.1,266,27,0,1.0233333333333334,0.8985714285714286,329.3,502.7,11.0,9.4,79.2,393.1,0,0,0,0.0
CC02,2020,Cima Corgo,350,41.2185,-7.5035,56,4,1,38.2,28.87608695652173,1,1806.9,0,0,1.5,729.3,28.8,275,61,1,1.2666666666666666,0.9857142857142858,413.4,484.2000000000001,11.0,9.4,36.1,491.7000000000001,0,0,1,0.9714975845410627
CC02,2021,Cima Corgo,350,41.2185,-7.5035,39,3,0,36.5,28.23913043478261,1,1673.1999999999998,1,0,-0.4,704.1,39.2,277,29,0,1.12,0.8828571428571428,365.6,408.9,11.0,11.0,71.80000000000001,492.19999999999993,0,0,0,0.0
CC02,2022,Cima Corgo,350,41.2185,-7.5035,69,33,12,42.2,31.73478260869565,12,2106.8,4,0,-0.9,767.6000000000001,30.1,268,41,1,1.4666666666666668,1.1457142857142857,404.9,528.6999999999999,11.0,9.3,67.0,461.30000000000007,1,0,0,1.0
CC02,2023,Cima Corgo,350,41.2185,-7.5035,53,7,3,40.3,29.120652173913047,4,1988.6,3,2,-3.5,838.0,83.5,272,80,1,1.106666666666667,0.9557142857142856,341.20000000000005,433.1,9.4,9.4,108.5,626.5999999999999,0,0,1,1.0
CC02,2024,Cima Corgo,350,41.2185,-7.5035,51,9,2,39.7,29.73804347826087,3,1802.8,0,0,1.0,814.2,62.4,262,52,1,1.1566666666666665,0.8814285714285715,353.4,426.4,11.0,9.3,82.10000000000001,495.9,0,0,1,0.9888888888888889
CC04,1995,Cima Corgo,175,41.1735,-7.538,37,1,1,38.4,28.470652173913045,1,1955.0,0,0,1.7,818.0,86.5,261,40,0,1.0133333333333334,0.9085714285714286,338.0,473.1,8.8,7.7,87.50000000000001,360.9,0,0,0,0.07288461538461538
CC04,1996,Cima Corgo,175,41.1735,-7.538,39,1,0,35.1,28.290217391304346,1,1741.1999999999998,3,0,-1.4,951.5,46.8,248,27,0,1.086666666666667,0.8428571428571429,351.7,406.7000000000001,12.8,9.9,54.7,348.6,0,0,0,0.010526315789473684
CC04,1997,Cima Corgo,175,41.1735,-7.538,26,1,0,35.6,25.757608695652166,1,1840.1000000000004,0,0,4.6,959.3,151.00000000000003,250,41,0,0.7233333333333333,0.7742857142857142,167.10000000000002,258.0,15.2,12.1,170.3,646.2,0,0,0,0.010526315789473684
CC04,1998,Cima Corgo,175,41.1735,-7.538,51,7,0,37.9,29.18478260869565,5,1795.2999999999995,1,0,-0.1,603.2,63.6,272,26,0,1.1,0.7928571428571429,329.8,339.80000000000007,13.0,13.0,71.4,588.7,0,0,0,0.10375668449197861
CC04,1999,Cima Corgo,175,41.1735,-7.538,35,2,0,36.0,28.10434782608696,1,1718.1,0,0,0.9,734.8,81.69999999999999,271,28,0,0.95,0.7428571428571429,309.30000000000007,316.30000000000007,12.9,12.9,83.1,748.0999999999999,0,0,0,0.010526315789473684
CC04,2000,Cima Corgo,175,41.1735,-7.538,38,1,0,34.8,27.48478260869565,1,1664.5,0,0,0.6,920.9,37.7,252,48,0,0.9966666666666668,0.7685714285714286,349.9,406.7999999999999,13.1,10.7,35.300000000000004,592.5,0,0,0,0.06802631578947368
CC04,2001,Cima Corgo,175,41.1735,-7.538,37,5,0,36.3,27.85217391304348,3,1782.2,0,0,2.2,932.7,69.30000000000001,268,42,0,0.9333333333333336,0.8185714285714286,344.9,433.7000000000001,9.9,8.5,67.9,447.4,0,0,0,0.09561188811188812
CC04,2002,Cima Corgo,175,41.1735,-7.538,28,0,0,34.7,27.71847826086957,0,1670.6999999999998,1,0,-1.1,901.4,43.0,257,20,0,0.9166666666666666,0.7271428571428571,349.5,399.9,10.3,10.3,57.2,569.8000000000001,0,0,0,0.0
CC04,2003,Cima Corgo,175,41.1735,-7.538,48,17,3,38.2,28.96630434782608,14,1898.8,0,0,3.1,853.5999999999999,97.0,262,29,1,1.0033333333333332,0.8657142857142857,309.70000000000005,457.00000000000006,10.7,9.1,101.4,604.0,0,0,0,0.9603174603174605
CC04,2004,Cima Corgo,175,41.1735,-7.538,38,2,0,35.8,28.560869565217395,2,1842.6,2,1,-3.6,467.5,64.2,299,30,0,1.0166666666666666,0.8671428571428572,346.70000000000005,457.7000000000001,10.3,8.8,79.7,468.9,0,0,0,0.010526315789473684
CC04,2005,Cima Corgo,175,41.1735,-7.538,60,9,0,37.5,30.68369565217392,3,2044.1,7,3,-3.9,533.3,21.9,296,39,1,1.413333333333333,1.0685714285714287,449.2000000000001,572.2,10.6,9.1,27.700000000000003,485.4,0,1,0,0.9833333333333332
CC04,2006,Cima Corgo,175,41.1735,-7.538,58,10,1,38.0,29.49673913043478,4,2042.8,3,0,-1.2,856.8999999999999,76.0,261,27,1,1.2033333333333334,0.9542857142857144,352.6,454.5,10.7,10.7,94.0,657.7,0,0,0,0.6086822328085638
CC04,2007,Cima Corgo,175,41.1735,-7.538,25,3,0,37.8,26.292391304347824,2,1699.3000000000002,0,0,-0.0,461.4,82.5,283,46,0,0.88,0.84,288.1,380.6,11.7,8.5,103.4,371.6,0,0,0,0.039097744360902256
CC04,2008,Cima Corgo,175,41.1735,-7.538,26,1,0,36.9,27.11304347826087,1,1597.7000000000005,1,0,-0.3,599.0,25.5,270,21,0,0.89,0.75,329.70000000000005,346.1,13.1,10.1,34.3,494.6000000000001,0,0,0,0.0
CC04,2009,Cima Corgo,175,41.1735,-7.538,45,1,0,35.4,28.334782608695644,1,1885.3,0,0,2.0,746.7,58.2,275,50,1,0.9933333333333332,0.9485714285714286,351.6,563.2,8.4,7.4,66.0,330.3,0,0,1,0.9603174603174605
CC04,2010,Cima Corgo,175,41.1735,-7.538,58,7,0,37.2,29.44347826086957,2,1911.6000000000004,3,0,-1.3,903.6,54.9,260,54,1,1.2166666666666666,0.9628571428571427,373.2000000000001,477.1,10.7,9.1,71.6,476.8,0,0,1,0.9826086956521738
CC04,2011,Cima Corgo,175,41.1735,-7.538,31,4,0,37.5,27.666304347826088,2,2031.5,1,0,-0.7,678.8000000000001,42.3,278,36,0,0.9933333333333332,0.9685714285714284,371.9,471.00000000000006,10.5,9.0,53.2,397.3,0,0,0,0.039097744360902256
CC04,2012,Cima Corgo,175,41.1735,-7.538,37,6,0,37.1,27.37065217391304,3,1709.5999999999997,0,0,1.3,529.9000000000001,37.2,284,35,0,0.94,0.8171428571428573,332.8,392.7000000000001,12.7,10.5,48.400000000000006,482.9,0,0,0,0.0
CC04,2013,Cima Corgo,175,41.1735,-7.538,53,13,0,37.9,29.244565217391305,8,1869.3,3,0,-1.8,800.9000000000001,21.200000000000003,267,38,1,1.2666666666666666,0.9771428571428572,424.6,480.9000000000001,10.7,9.1,26.4,461.7000000000001,0,0,0,0.9714975845410627
CC04,2014,Cima Corgo,175,41.1735,-7.538,25,2,0,35.3,27.13804347826087,1,1843.7000000000005,0,0,0.5,952.6,40.4,251,28,0,0.91,0.8142857142857142,349.90000000000003,372.3,11.2,11.2,52.3,541.9000000000001,0,0,0,0.0
CC04,2015,Cima Corgo,175,41.1735,-7.538,51,6,0,37.3,29.52934782608696,3,1961.4,0,0,1.4,528.4,51.8,289,30,0,1.13,0.9514285714285714,376.0,481.5,10.4,8.9,63.1,505.0,0,0,0,0.06802631578947368
CC04,2016,Cima Corgo,175,41.1735,-7.538,58,12,0,36.7,29.85326086956521,5,1943.5,0,0,0.7,932.5,32.800000000000004,256,40,1,1.2566666666666666,0.9485714285714284,377.5,448.0,13.1,10.7,41.5,615.1,0,0,0,0.8708437761069341
CC04,2017,Cima Corgo,175,41.1735,-7.538,47,8,0,37.3,29.195652173913043,3,2072.5,1,0,-1.3,507.80000000000007,23.6,296,50,1,1.1866666666666668,1.1142857142857143,400.7000000000001,632.6,9.1,7.0,58.2,190.3,0,0,1,0.9833333333333332
CC04,2018,Cima Corgo,175,41.1735,-7.538,46,6,3,39.4,27.89782608695652,5,1878.9,2,0,-0.1,816.7,87.6,262,46,0,0.8833333333333334,0.862857142857143,264.7,378.3,11.9,10.0,126.9,424.2000000000001,0,0,0,0.7156691417327314
CC04,2019,Cima Corgo,175,41.1735,-7.538,37,1,0,37.0,27.44782608695652,1,1751.7,0,0,1.9,790.4000000000001,65.1,270,27,0,0.9233333333333332,0.8757142857142857,311.9,482.1,10.7,9.1,83.5,406.4,0,0,0,0.010526315789473684
CC04,2020,Cima Corgo,175,41.1735,-7.538,59,7,1,38.4,28.925,2,1901.4,0,0,2.3,710.3999999999999,27.6,271,56,1,1.153333333333333,0.9514285714285714,395.7000000000001,457.50000000000006,10.7,9.1,39.2,513.4000000000001,0,0,1,0.9714975845410627
CC04,2021,Cima Corgo,175,41.1735,-7.538,39,3,0,36.5,28.227173913043483,1,1775.1,0,0,0.9,705.3,51.2,279,29,0,1.0166666666666666,0.8528571428571426,349.3,395.4,10.7,10.7,74.5,509.30000000000007,0,0,0,0.0
CC04,2022,Cima Corgo,175,41.1735,-7.538,71,32,12,42.0,31.75217391304348,12,2197.7,1,0,-0.1,773.3,52.5,263,61,1,1.3533333333333335,1.1157142857142857,392.0,512.4,10.7,9.1,65.5,472.30000000000007,1,0,1,1.0
CC04,2023,Cima Corgo,175,41.1735,-7.538,53,7,3,40.7,29.27173913043479,4,2087.5,1,0,-0.5,829.0,56.2,264,55,1,1.0033333333333332,0.9328571428571428,327.6,416.5,9.1,9.1,108.0,653.5,0,0,1,1.0
CC04,2024,Cima Corgo,175,41.1735,-7.538,50,10,2,39.8,29.747826086956525,4,1894.3,0,0,1.5,777.8000000000001,39.8,266,65,1,1.0366666666666668,0.8442857142857143,338.90000000000003,414.3,10.7,9.1,83.10000000000001,508.30000000000007,0,0,1,0.9714975845410627
CC05,1995,Cima Corgo,240,41.142,-7.4025,19,1,0,37.4,26.768478260869568,1,1579.0,1,0,-0.2,818.0,86.5,261,40,0,1.1133333333333335,0.9385714285714288,363.1,531.8,8.5,7.4,85.1,337.6,0,0,0,0.039097744360902256
CC05,1996,Cima Corgo,240,41.142,-7.4025,25,0,0,33.2,26.4608695652174,0,1364.9,7,1,-3.3,951.5,46.8,248,27,0,1.17,0.8700000000000001,387.1,465.30000000000007,12.1,8.6,51.10000000000001,325.50000000000006,0,0,0,0.010526315789473684
CC05,1997,Cima Corgo,240,41.142,-7.4025,16,0,0,33.6,24.041304347826085,0,1448.5,0,0,3.0,959.3,151.00000000000003,250,41,0,0.8433333333333334,0.8214285714285714,207.5,317.1,13.1,10.7,158.4,602.9000000000001,0,0,0,0.015384615384615385
CC05,1998,Cima Corgo,240,41.142,-7.4025,33,5,0,35.9,27.440217391304348,5,1445.9,4,1,-2.2,603.2,63.6,272,26,1,1.22,0.8471428571428571,360.5,372.4,12.7,12.7,67.5,552.4000000000001,0,0,0,0.5230607800601629
CC05,1999,Cima Corgo,240,41.142,-7.4025,21,0,0,34.5,26.55760869565217,0,1365.4,3,0,-1.1,734.8,81.69999999999999,271,28,0,1.0766666666666669,0.8014285714285715,350.5,359.0,12.6,12.6,70.80000000000001,680.0999999999999,0,0,0,0.0
CC05,2000,Cima Corgo,240,41.142,-7.4025,21,0,0,33.0,25.85978260869565,0,1342.0,1,0,-1.5,920.9,37.7,252,48,0,1.096666666666667,0.8157142857142857,379.8,449.5,12.8,10.5,32.6,560.8,0,0,0,0.010526315789473684
CC05,2001,Cima Corgo,240,41.142,-7.4025,27,0,0,34.4,26.25543478260869,0,1428.9,0,0,0.2,932.7,69.30000000000001,268,42,0,1.0533333333333337,0.862857142857143,381.0,490.6,9.2,8.0,58.7,412.2,0,0,0,0.0
CC05,2002,Cima Corgo,240,41.142,-7.4025,16,0,0,32.9,26.1108695652174,0,1322.5,3,1,-2.8,901.4,43.0,257,20,0,1.02,0.7657142857142858,377.4,432.8,10.0,10.0,54.400000000000006,531.5000000000001,0,0,0,0.0
CC05,2003,Cima Corgo,240,41.142,-7.4025,31,10,0,36.5,27.38804347826087,4,1541.6,0,0,1.4,853.5999999999999,97.0,262,29,1,1.1366666666666667,0.9128571428571428,352.1,513.1,10.5,8.9,86.9,566.2,0,0,0,0.8495462184873951
CC05,2004,Cima Corgo,240,41.142,-7.4025,16,0,0,34.1,26.925,0,1498.0,6,2,-5.0,467.5,64.2,299,30,0,1.12,0.9057142857142856,388.0,513.0,10.0,8.5,62.2,430.6,0,0,0,0.0
CC05,2005,Cima Corgo,240,41.142,-7.4025,42,2,0,36.3,29.05978260869565,2,1695.3,12,8,-5.4,533.3,21.9,296,39,1,1.5166666666666666,1.1057142857142856,484.4,642.4000000000001,10.1,8.6,25.0,459.5,0,1,0,1.0
CC05,2006,Cima Corgo,240,41.142,-7.4025,39,2,0,36.0,27.797826086956523,1,1667.7,4,3,-3.2,856.8999999999999,76.0,261,27,1,1.3133333333333337,0.9985714285714286,391.6,506.2999999999999,10.3,10.3,83.4,600.3000000000001,0,1,0,0.7831746031746032
CC05,2007,Cima Corgo,240,41.142,-7.4025,10,1,0,36.0,24.61847826086957,1,1328.1,3,0,-1.4,461.4,82.5,283,46,0,0.9666666666666668,0.8542857142857143,315.1,421.1,11.5,8.3,99.8,373.4,0,0,0,0.03325358851674641
CC05,2008,Cima Corgo,240,41.142,-7.4025,18,1,0,35.0,25.620652173913044,1,1253.7,5,1,-2.4,599.0,25.5,270,21,0,1.0200000000000002,0.8057142857142859,361.7000000000001,403.2000000000001,12.8,9.1,31.0,455.2,0,0,0,0.0
CC05,2009,Cima Corgo,240,41.142,-7.4025,30,0,0,33.1,26.83913043478261,0,1549.5,2,0,-0.4,746.7,58.2,275,50,1,1.1166666666666667,0.9842857142857142,390.7000000000001,627.1,7.9,7.0,55.0,298.0,0,0,1,0.9603174603174605
CC05,2010,Cima Corgo,240,41.142,-7.4025,34,1,0,35.1,27.71630434782609,1,1545.9,8,3,-3.4,903.6,54.9,260,54,1,1.3066666666666666,0.9871428571428572,396.7000000000001,513.1,10.5,8.9,72.10000000000001,464.9,0,1,1,0.9826086956521738
CC05,2011,Cima Corgo,240,41.142,-7.4025,15,1,0,35.3,26.048913043478265,1,1644.5,5,2,-2.4,678.8000000000001,42.3,278,36,0,1.086666666666667,0.99,404.9,524.5,10.2,8.700000000000001,43.8,360.1,0,0,0,0.0
CC05,2012,Cima Corgo,240,41.142,-7.4025,31,3,0,35.6,25.97826086956522,1,1409.8000000000002,3,0,-0.9,529.9000000000001,37.2,284,35,0,1.0833333333333333,0.8785714285714284,377.6,459.8000000000001,12.0,10.0,42.3,448.6,0,0,0,0.0
CC05,2013,Cima Corgo,240,41.142,-7.4025,30,4,0,35.9,27.550000000000004,4,1520.3,6,3,-3.0,800.9000000000001,21.200000000000003,267,38,1,1.3500000000000003,0.9942857142857144,452.6,532.8,10.5,8.9,23.3,431.4,0,1,0,0.9833333333333332
CC05,2014,Cima Corgo,240,41.142,-7.4025,14,0,0,33.6,25.54347826086957,0,1477.5,1,0,-1.7,952.6,40.4,251,28,0,1.0266666666666666,0.8614285714285714,383.4,409.6,10.5,10.5,47.2,483.6,0,0,0,0.0
CC05,2015,Cima Corgo,240,41.142,-7.4025,32,1,0,35.9,27.95652173913043,1,1601.9999999999998,1,0,-0.1,528.4,51.8,289,30,0,1.2533333333333332,0.9971428571428572,405.80000000000007,550.4,9.5,8.200000000000001,62.00000000000001,469.5,0,0,0,0.039097744360902256
CC05,2016,Cima Corgo,240,41.142,-7.4025,42,1,0,34.8,28.14021739130435,1,1588.7000000000005,5,0,-1.0,932.5,32.800000000000004,256,40,0,1.35,0.9871428571428572,404.9,488.80000000000007,12.8,10.5,37.6,573.4000000000001,0,0,0,0.2870621777440857
CC05,2017,Cima Corgo,240,41.142,-7.4025,30,4,0,36.1,27.73043478260869,2,1759.7,3,0,-2.0,486.4,55.5,287,49,1,1.3033333333333337,1.1485714285714288,435.2,713.1999999999998,8.9,6.9,49.8,162.8,0,0,0,0.9722222222222221
CC05,2018,Cima Corgo,240,41.142,-7.4025,25,5,0,37.5,26.25869565217391,5,1571.0,3,2,-3.2,760.4,82.4,258,51,1,1.0033333333333334,0.9000000000000001,295.8,432.2,11.1,8.1,120.8,404.1,0,0,1,1.0
CC05,2019,Cima Corgo,240,41.142,-7.4025,25,1,0,36.1,26.17826086956521,1,1469.9,1,0,-0.8,682.9000000000001,62.0,270,27,0,1.0566666666666666,0.93,344.6,535.4000000000001,10.5,8.9,77.9,367.9,0,0,0,0.0
CC05,2020,Cima Corgo,240,41.142,-7.4025,48,2,0,36.5,27.7358695652174,1,1596.4,0,0,0.4,672.8,31.500000000000004,272,65,1,1.3,1.012857142857143,429.2000000000001,515.5,10.5,8.9,35.7,484.7000000000001,0,0,1,0.9714975845410627
CC05,2021,Cima Corgo,240,41.142,-7.4025,26,1,0,36.4,26.967391304347824,1,1463.9,2,0,-0.4,673.3000000000001,61.900000000000006,268,29,0,1.14,0.9014285714285716,376.3,429.0,10.5,10.5,75.2,483.5,0,0,0,0.0
CC05,2022,Cima Corgo,240,41.142,-7.4025,63,24,6,41.4,30.321739130434786,9,1894.9,6,0,-1.9,690.5999999999999,53.9,264,41,1,1.4966666666666668,1.1771428571428573,432.7000000000001,584.9000000000001,10.4,8.9,55.8,418.8,1,0,0,1.0
CC05,2023,Cima Corgo,240,41.142,-7.4025,31,4,3,39.5,27.829347826086952,3,1779.1,3,3,-3.9,786.8,76.3,264,72,1,1.1266666666666667,0.99,356.70000000000005,459.0,8.9,8.9,103.7,601.5,0,1,1,1.0
CC05,2024,Cima Corgo,240,41.142,-7.4025,37,4,1,38.0,28.35869565217392,2,1616.7,0,0,0.5,810.7,79.69999999999999,257,51,1,1.16,0.8871428571428571,358.3,467.4,10.4,8.9,89.9,471.69999999999993,0,0,1,0.9714975845410627
CC06,1995,Cima Corgo,520,41.126,-7.384,26,1,1,38.0,27.418478260869566,1,1715.2999999999995,0,0,0.5,818.0,86.5,261,40,0,1.1133333333333335,0.9385714285714288,363.1,531.8,8.5,7.4,85.1,337.6,0,0,0,0.039097744360902256
CC06,1996,Cima Corgo,520,41.126,-7.384,28,0,0,33.9,27.10760869565217,0,1495.2999999999995,5,1,-2.7,951.5,46.8,248,27,0,1.17,0.8700000000000001,387.1,465.30000000000007,12.1,8.6,51.10000000000001,325.50000000000006,0,0,0,0.0
CC06,1997,Cima Corgo,520,41.126,-7.384,21,0,0,34.2,24.69239130434783,0,1588.1,0,0,3.7,959.3,151.00000000000003,250,41,0,0.8433333333333334,0.8214285714285714,207.5,317.1,13.1,10.7,158.4,602.9000000000001,0,0,0,0.010526315789473684
CC06,1998,Cima Corgo,520,41.126,-7.384,39,5,0,36.5,28.08152173913044,5,1570.8,2,0,-1.5,603.2,63.6,272,26,0,1.22,0.8471428571428571,360.5,372.4,12.7,12.7,67.5,552.4000000000001,0,0,0,0.202297165200391
CC06,1999,Cima Corgo,520,41.126,-7.384,26,1,0,35.2,27.20978260869565,1,1495.5,1,0,-0.5,734.8,81.69999999999999,271,28,0,1.0766666666666669,0.8014285714285715,350.5,359.0,12.6,12.6,70.80000000000001,680.0999999999999,0,0,0,0.0
CC06,2000,Cima Corgo,520,41.126,-7.384,25,0,0,33.7,26.513043478260872,0,1464.9,1,0,-0.8,920.9,37.7,252,48,0,1.096666666666667,0.8157142857142857,379.8,449.5,12.8,10.5,32.6,560.8,0,0,0,0.010526315789473684
CC06,2001,Cima Corgo,520,41.126,-7.384,30,1,0,35.0,26.897826086956524,1,1560.9,0,0,0.8,932.7,69.30000000000001,268,42,0,1.0533333333333337,0.862857142857143,381.0,490.6,9.2,8.0,58.7,412.2,0,0,0,0.0
CC06,2002,Cima Corgo,520,41.126,-7.384,19,0,0,33.5,26.75978260869565,0,1451.8,2,1,-2.2,901.4,43.0,257,20,0,1.02,0.7657142857142858,377.4,432.8,10.0,10.0,54.400000000000006,531.5000000000001,0,0,0,0.0
CC06,2003,Cima Corgo,520,41.126,-7.384,39,13,0,37.2,28.033695652173908,12,1671.6999999999998,0,0,2.1,853.5999999999999,97.0,262,29,1,1.1366666666666667,0.9128571428571428,352.1,513.1,10.5,8.9,86.9,566.2,0,0,0,0.9714975845410627
CC06,2004,Cima Corgo,520,41.126,-7.384,19,0,0,34.8,27.57608695652174,0,1620.0,4,1,-4.4,467.5,64.2,299,30,0,1.12,0.9057142857142856,388.0,513.0,10.0,8.5,62.2,430.6,0,0,0,0.0
CC06,2005,Cima Corgo,520,41.126,-7.384,51,5,0,37.0,29.711956521739125,3,1827.6,10,6,-4.7,533.3,21.9,296,39,1,1.5166666666666666,1.1057142857142856,484.4,642.4000000000001,10.1,8.6,25.0,459.5,0,1,0,1.0
CC06,2006,Cima Corgo,520,41.126,-7.384,46,4,0,36.6,28.45652173913044,3,1806.8,4,2,-2.5,856.8999999999999,76.0,261,27,0,1.3133333333333337,0.9985714285714286,391.6,506.2999999999999,10.3,10.3,83.4,600.3000000000001,0,0,0,0.3403542061986084
CC06,2007,Cima Corgo,520,41.126,-7.384,17,1,0,36.6,25.2695652173913,1,1460.2000000000005,3,0,-0.8,461.4,82.5,283,46,0,0.9666666666666668,0.8542857142857143,315.1,421.1,11.5,8.3,99.8,373.4,0,0,0,0.0
CC06,2008,Cima Corgo,520,41.126,-7.384,23,1,0,35.7,26.266304347826093,1,1383.1,3,0,-1.7,599.0,25.5,270,21,0,1.0200000000000002,0.8057142857142859,361.7000000000001,403.2000000000001,12.8,9.1,31.0,455.2,0,0,0,0.0
CC06,2009,Cima Corgo,520,41.126,-7.384,35,0,0,33.8,27.495652173913047,0,1678.9,0,0,0.3,746.7,58.2,275,50,1,1.1166666666666667,0.9842857142857142,390.7000000000001,627.1,7.9,7.0,55.0,298.0,0,0,1,0.9603174603174605
CC06,2010,Cima Corgo,520,41.126,-7.384,44,1,0,35.8,28.370652173913044,1,1672.3,6,2,-2.8,903.6,54.9,260,54,1,1.3066666666666666,0.9871428571428572,396.7000000000001,513.1,10.5,8.9,72.10000000000001,464.9,0,0,1,0.9833333333333332
CC06,2011,Cima Corgo,520,41.126,-7.384,25,1,0,36.0,26.701086956521745,1,1786.3000000000002,3,0,-1.8,678.8000000000001,42.3,278,36,0,1.086666666666667,0.99,404.9,524.5,10.2,8.700000000000001,43.8,360.1,0,0,0,0.0
CC06,2012,Cima Corgo,520,41.126,-7.384,32,4,0,36.3,26.62934782608696,2,1528.1,1,0,-0.3,529.9000000000001,37.2,284,35,0,1.0833333333333333,0.8785714285714284,377.6,459.8000000000001,12.0,10.0,42.3,448.6,0,0,0,0.0
CC06,2013,Cima Corgo,520,41.126,-7.384,41,6,0,36.6,28.196739130434786,5,1645.4,5,1,-2.4,800.9000000000001,21.200000000000003,267,38,1,1.3500000000000003,0.9942857142857144,452.6,532.8,10.5,8.9,23.3,431.4,0,0,0,0.9722222222222221
CC06,2014,Cima Corgo,520,41.126,-7.384,19,0,0,34.2,26.185869565217395,0,1612.6,1,0,-1.0,952.6,40.4,251,28,0,1.0266666666666666,0.8614285714285714,383.4,409.6,10.5,10.5,47.2,483.6,0,0,0,0.0
CC06,2015,Cima Corgo,520,41.126,-7.384,42,4,0,36.6,28.60434782608695,3,1743.1,0,0,0.6,528.4,51.8,289,30,0,1.2533333333333332,0.9971428571428572,405.80000000000007,550.4,9.5,8.200000000000001,62.00000000000001,469.5,0,0,0,0.09561188811188812
CC06,2016,Cima Corgo,520,41.126,-7.384,50,5,0,35.5,28.794565217391305,1,1718.3999999999996,5,0,-0.3,932.5,32.800000000000004,256,40,0,1.35,0.9871428571428572,404.9,488.80000000000007,12.8,10.5,37.6,573.4000000000001,0,0,0,0.4696715280664934
CC06,2017,Cima Corgo,520,41.126,-7.384,47,9,0,37.8,28.981521739130432,3,1957.1,4,0,-1.1,467.19999999999993,53.8,291,49,1,1.3033333333333337,1.1485714285714288,435.2,713.1999999999998,8.9,6.9,49.8,162.8,0,0,1,0.9722222222222221
CC06,2018,Cima Corgo,520,41.126,-7.384,41,5,3,38.6,27.53478260869565,5,1747.7,4,0,-1.2,774.4000000000001,91.5,258,55,1,1.0033333333333334,0.9000000000000001,295.8,432.2,11.1,8.1,120.8,404.1,0,0,1,1.0
CC06,2019,Cima Corgo,520,41.126,-7.384,37,2,0,37.7,27.242391304347823,1,1642.8,0,0,0.5,696.9000000000001,79.7,265,27,0,1.0566666666666666,0.93,344.6,535.4000000000001,10.5,8.9,77.9,367.9,0,0,0,0.0
CC06,2020,Cima Corgo,520,41.126,-7.384,57,6,0,37.6,28.88804347826087,2,1778.6,0,0,1.5,708.4,34.0,266,52,1,1.3,1.012857142857143,429.2000000000001,515.5,10.5,8.9,35.7,484.7000000000001,0,0,1,0.9722222222222221
CC06,2021,Cima Corgo,520,41.126,-7.384,40,3,0,37.5,28.1608695652174,1,1646.2,0,0,0.2,656.9,60.400000000000006,276,29,0,1.14,0.9014285714285716,376.3,429.0,10.5,10.5,75.2,483.5,0,0,0,0.02857142857142857
CC06,2022,Cima Corgo,520,41.126,-7.384,70,30,10,41.3,31.392391304347825,12,2063.0,3,0,-0.6,768.1,59.2,265,38,1,1.4966666666666668,1.1771428571428573,432.7000000000001,584.9000000000001,10.4,8.9,55.8,418.8,1,0,0,1.0
CC06,2023,Cima Corgo,520,41.126,-7.384,47,7,3,39.8,28.89565217391304,4,1935.1,4,1,-2.2,751.3,92.3,269,72,1,1.1266666666666667,0.99,356.70000000000005,459.0,8.9,8.9,103.7,601.5,0,0,1,1.0
CC06,2024,Cima Corgo,520,41.126,-7.384,48,8,1,39.5,29.48478260869565,3,1728.6,1,0,-0.1,796.0999999999999,88.0,261,48,1,1.16,0.8871428571428571,358.3,467.4,10.4,8.9,89.9,471.69999999999993,0,0,0,0.8820239003305363
CC07,1995,Cima Corgo,310,41.1165,-7.566,24,1,0,37.3,27.07608695652174,1,1685.9,0,0,0.5,741.6000000000001,87.30000000000001,260,40,0,1.2433333333333334,0.9785714285714286,379.7000000000001,542.5,9.1,8.0,89.00000000000001,349.8,0,0,0,0.07288461538461538
CC07,1996,Cima Corgo,310,41.1165,-7.566,26,0,0,33.6,26.894565217391307,0,1471.9,5,1,-2.1,872.3999999999999,47.7,245,29,0,1.2933333333333332,0.9171428571428571,398.7000000000001,477.8,13.3,9.3,46.7,335.7,0,0,0,0.010526315789473684
CC07,1997,Cima Corgo,310,41.1165,-7.566,19,0,0,34.2,24.333695652173915,0,1555.3000000000002,0,0,3.5,888.7,148.4,255,66,1,0.9466666666666668,0.8442857142857143,221.0,320.5,14.1,11.4,161.20000000000002,626.3000000000002,0,0,1,0.9352980867441445
CC07,1998,Cima Corgo,310,41.1165,-7.566,35,5,0,36.5,27.752173913043475,5,1536.5,2,0,-1.4,590.9,67.00000000000001,277,34,1,1.3266666666666669,0.8814285714285715,366.3,375.8,13.5,13.5,72.30000000000001,579.2,0,0,0,0.7316280898324242
CC07,1999,Cima Corgo,310,41.1165,-7.566,23,0,0,34.7,26.654347826086955,0,1442.6999999999998,1,0,-0.2,656.1,74.6,273,32,0,1.1666666666666667,0.8285714285714286,362.7000000000001,372.50000000000006,13.3,13.3,71.5,698.3000000000001,0,0,0,0.0
CC07,2000,Cima Corgo,310,41.1165,-7.566,23,0,0,33.3,26.02717391304348,0,1411.1,1,0,-0.6,813.3000000000001,27.8,256,47,0,1.21,0.8557142857142858,394.6,466.1,13.5,11.1,32.5,580.7,0,0,0,0.18487123557556992
CC07,2001,Cima Corgo,310,41.1165,-7.566,27,0,0,34.8,26.346739130434777,0,1509.1999999999998,0,0,0.8,822.1000000000001,67.3,272,42,0,1.14,0.8885714285714286,392.3,506.9,10.3,8.9,59.1,418.6,0,0,0,0.02857142857142857
CC07,2002,Cima Corgo,310,41.1165,-7.566,17,0,0,33.4,26.24130434782609,0,1401.7,2,0,-1.9,793.0000000000001,43.3,261,31,0,1.14,0.8128571428571428,394.2000000000001,443.6000000000001,10.8,10.8,54.1,523.7,0,0,0,0.0
CC07,2003,Cima Corgo,310,41.1165,-7.566,37,12,0,36.9,27.47717391304348,7,1622.8000000000002,0,0,1.9,794.7,73.7,266,29,1,1.2433333333333332,0.9528571428571428,361.5,530.2,11.1,9.4,90.20000000000002,579.8,0,0,0,0.9603174603174605
CC07,2004,Cima Corgo,310,41.1165,-7.566,16,0,0,34.4,27.061956521739127,0,1578.6000000000004,3,2,-4.9,427.1,54.7,302,30,0,1.23,0.9414285714285714,400.0,528.3,10.7,9.2,66.8,439.9,0,0,0,0.010526315789473684
CC07,2005,Cima Corgo,310,41.1165,-7.566,46,3,0,36.2,29.208695652173915,2,1767.6,8,5,-5.2,500.6,16.7,300,39,1,1.62,1.1371428571428572,500.7,649.0,11.0,9.4,24.4,459.30000000000007,0,1,0,1.0
CC07,2006,Cima Corgo,310,41.1165,-7.566,45,3,0,36.6,28.007608695652173,2,1758.4,4,2,-2.8,751.9,79.1,265,27,0,1.43,1.0371428571428571,394.7000000000001,510.4,11.0,9.5,95.1,615.4000000000001,0,0,0,0.29641481225921446
CC07,2007,Cima Corgo,310,41.1165,-7.566,14,1,0,36.4,24.882608695652173,1,1437.9,2,0,-1.2,449.1,71.4,281,25,0,1.0833333333333333,0.9042857142857142,332.9,457.2000000000001,12.3,8.8,98.70000000000002,357.5,0,0,0,0.0
CC07,2008,Cima Corgo,310,41.1165,-7.566,21,1,0,35.5,25.588043478260868,1,1324.6999999999998,3,0,-2.0,539.9,24.4,274,33,0,1.1066666666666665,0.83,369.4,412.00000000000006,13.5,9.6,33.7,483.9,0,0,0,0.0
CC07,2009,Cima Corgo,310,41.1165,-7.566,31,0,0,34.0,26.80760869565217,0,1610.7999999999995,0,0,0.2,670.9000000000001,47.0,277,31,0,1.2133333333333336,1.0157142857142856,393.8,619.1,8.6,7.6,66.9,322.70000000000005,0,0,0,0.06802631578947368
CC07,2010,Cima Corgo,310,41.1165,-7.566,41,1,0,36.0,28.04130434782608,1,1648.6999999999998,5,2,-2.9,836.8,55.3,262,54,1,1.4366666666666668,1.0399999999999998,413.5,533.9,11.1,9.4,75.5,471.2,0,0,1,0.9833333333333332
CC07,2011,Cima Corgo,310,41.1165,-7.566,18,1,0,36.0,26.191304347826087,1,1749.9999999999998,2,0,-1.7,609.4,41.49999999999999,279,36,0,1.1966666666666663,1.03,418.6,536.4,10.9,9.3,47.400000000000006,376.80000000000007,0,0,0,0.0
CC07,2012,Cima Corgo,310,41.1165,-7.566,29,3,0,35.5,25.786956521739125,1,1448.1,1,0,-0.3,513.9999999999999,35.2,285,35,0,1.1466666666666667,0.8914285714285713,378.1,459.8,12.9,10.7,47.2,472.9999999999999,0,0,0,0.0
CC07,2013,Cima Corgo,310,41.1165,-7.566,34,6,0,36.7,27.80652173913044,5,1609.3000000000002,3,1,-2.6,733.8,18.1,269,38,1,1.4666666666666668,1.0442857142857145,467.4,547.8000000000001,11.1,9.4,26.6,442.6,0,0,0,0.9722222222222221
CC07,2014,Cima Corgo,310,41.1165,-7.566,17,0,0,33.5,25.611956521739128,0,1556.3,1,0,-0.8,842.7,35.2,252,33,0,1.12,0.8828571428571428,390.3,415.3,11.1,11.1,53.8,516.9,0,0,0,0.0
CC07,2015,Cima Corgo,310,41.1165,-7.566,33,1,0,35.7,28.029347826086955,1,1670.1999999999998,0,0,0.1,460.9,41.400000000000006,293,37,0,1.35,1.022857142857143,422.80000000000007,555.5,10.7,9.2,58.400000000000006,475.50000000000006,0,0,0,0.06802631578947368
CC07,2016,Cima Corgo,310,41.1165,-7.566,45,6,0,35.4,28.39673913043478,2,1676.1,4,0,-0.6,838.1,35.3,258,40,1,1.4799999999999998,1.032857142857143,419.30000000000007,508.30000000000007,13.5,11.1,40.3,597.9000000000001,0,0,0,0.7308867946446582
CC07,2017,Cima Corgo,310,41.1165,-7.566,37,5,0,36.8,28.28695652173913,3,1882.0,3,0,-1.8,489.69999999999993,42.3,291,46,1,1.413333333333333,1.1742857142857142,446.2000000000001,718.0000000000002,9.4,7.300000000000001,55.900000000000006,182.5,0,0,0,0.9714975845410627
CC07,2018,Cima Corgo,310,41.1165,-7.566,36,5,1,38.0,26.914130434782617,5,1698.6,4,0,-2.0,771.3,81.1,253,44,1,1.1266666666666667,0.9471428571428572,304.70000000000005,441.0,11.7,8.8,126.5,424.2,0,0,0,0.9722222222222221
CC07,2019,Cima Corgo,310,41.1165,-7.566,28,1,0,36.3,26.53152173913043,1,1575.4,0,0,0.6,718.5,60.9,269,27,0,1.14,0.9457142857142858,355.70000000000005,544.5000000000001,11.1,9.4,78.80000000000001,403.4,0,0,0,0.0
CC07,2020,Cima Corgo,310,41.1165,-7.566,50,3,0,37.0,28.118478260869555,1,1721.0,0,0,0.6,677.3,28.9,269,61,1,1.38,1.0285714285714285,439.0,525.5,11.1,9.4,39.400000000000006,503.6,0,0,1,0.9714975845410627
CC07,2021,Cima Corgo,310,41.1165,-7.566,32,2,0,36.5,27.338043478260868,1,1589.7,1,0,-1.0,662.6,61.5,271,24,0,1.2333333333333334,0.9314285714285714,384.7000000000001,433.9,11.1,11.1,78.89999999999999,498.1000000000001,0,0,0,0.039097744360902256
CC07,2022,Cima Corgo,310,41.1165,-7.566,67,27,9,41.7,30.77065217391305,12,2027.0,3,0,-1.1,691.8,46.6,273,64,1,1.5833333333333333,1.1828571428571428,438.00000000000006,582.3000000000001,11.0,9.4,64.0,446.4,1,0,1,1.0
CC07,2023,Cima Corgo,310,41.1165,-7.566,46,4,3,40.0,28.34130434782609,3,1905.0,3,2,-3.5,799.5,65.80000000000001,268,72,1,1.2466666666666668,1.0142857142857142,364.7000000000001,456.5,9.4,9.4,112.2,626.9,0,0,1,1.0
CC07,2024,Cima Corgo,310,41.1165,-7.566,41,6,1,38.6,28.846739130434788,3,1745.1,0,0,0.8,758.2,52.8,266,66,1,1.2666666666666666,0.9228571428571428,373.5,477.4,11.0,9.4,88.30000000000001,488.80000000000007,0,0,1,1.0
CC08,1995,Cima Corgo,625,41.1042,-7.5495,24,1,0,37.5,27.12826086956522,1,1667.1,0,0,0.5,741.6000000000001,87.30000000000001,260,40,0,1.2433333333333334,0.9785714285714286,379.7000000000001,542.5,9.1,8.0,89.00000000000001,349.8,0,0,0,0.07288461538461538
CC08,1996,Cima Corgo,625,41.1042,-7.5495,26,0,0,33.5,26.8554347826087,0,1449.0,5,1,-2.7,872.3999999999999,47.7,245,29,0,1.2933333333333332,0.9171428571428571,398.7000000000001,477.8,13.3,9.3,46.7,335.7,0,0,0,0.010526315789473684
CC08,1997,Cima Corgo,625,41.1042,-7.5495,20,0,0,34.1,24.386956521739133,0,1535.6,0,0,3.2,888.7,148.4,255,66,1,0.9466666666666668,0.8442857142857143,221.0,320.5,14.1,11.4,161.20000000000002,626.3000000000002,0,0,1,0.9443174603174604
CC08,1998,Cima Corgo,625,41.1042,-7.5495,36,5,0,36.4,27.76630434782609,5,1519.8,2,0,-1.7,590.9,67.00000000000001,277,34,1,1.3266666666666669,0.8814285714285715,366.3,375.8,13.5,13.5,72.30000000000001,579.2,0,0,0,0.7600725342768687
CC08,1999,Cima Corgo,625,41.1042,-7.5495,24,0,0,34.8,26.826086956521745,0,1435.4,1,0,-0.6,656.1,74.6,273,32,0,1.1666666666666667,0.8285714285714286,362.7000000000001,372.50000000000006,13.3,13.3,71.5,698.3000000000001,0,0,0,0.0
CC08,2000,Cima Corgo,625,41.1042,-7.5495,23,0,0,33.4,26.129347826086963,0,1405.1,1,0,-1.0,813.3000000000001,27.8,256,47,0,1.21,0.8557142857142858,394.6,466.1,13.5,11.1,32.5,580.7,0,0,0,0.18487123557556992
CC08,2001,Cima Corgo,625,41.1042,-7.5495,28,0,0,34.7,26.483695652173907,0,1498.2,0,0,0.6,822.1000000000001,67.3,272,42,0,1.14,0.8885714285714286,392.3,506.9,10.3,8.9,59.1,418.6,0,0,0,0.02857142857142857
CC08,2002,Cima Corgo,625,41.1042,-7.5495,19,0,0,33.3,26.377173913043475,0,1393.3,2,1,-2.3,793.0000000000001,43.3,261,31,0,1.14,0.8128571428571428,394.2000000000001,443.6000000000001,10.8,10.8,54.1,523.7,0,0,0,0.0
CC08,2003,Cima Corgo,625,41.1042,-7.5495,37,13,0,36.9,27.604347826086965,12,1610.9,0,0,1.9,794.7,73.7,266,29,1,1.2433333333333332,0.9528571428571428,361.5,530.2,11.1,9.4,90.20000000000002,579.8,0,0,0,0.9714975845410627
CC08,2004,Cima Corgo,625,41.1042,-7.5495,16,0,0,34.5,27.19239130434783,0,1567.4,5,2,-4.8,427.1,54.7,302,30,0,1.23,0.9414285714285714,400.0,528.3,10.7,9.2,66.8,439.9,0,0,0,0.010526315789473684
CC08,2005,Cima Corgo,625,41.1042,-7.5495,47,2,0,36.5,29.348913043478262,2,1764.2,10,5,-5.2,500.6,16.7,300,39,1,1.62,1.1371428571428572,500.7,649.0,11.0,9.4,24.4,459.30000000000007,0,1,0,1.0
CC08,2006,Cima Corgo,625,41.1042,-7.5495,42,3,0,36.5,28.088043478260868,2,1744.6,4,2,-2.7,751.9,79.1,265,27,0,1.43,1.0371428571428571,394.7000000000001,510.4,11.0,9.5,95.1,615.4000000000001,0,0,0,0.29641481225921446
CC08,2007,Cima Corgo,625,41.1042,-7.5495,12,1,0,36.4,24.948913043478264,1,1414.1,3,0,-1.4,449.1,71.4,281,25,0,1.0833333333333333,0.9042857142857142,332.9,457.2000000000001,12.3,8.8,98.70000000000002,357.5,0,0,0,0.0
CC08,2008,Cima Corgo,625,41.1042,-7.5495,23,1,0,35.5,25.80869565217392,1,1320.8,4,0,-2.0,539.9,24.4,274,33,0,1.1066666666666665,0.83,369.4,412.00000000000006,13.5,9.6,33.7,483.9,0,0,0,0.0
CC08,2009,Cima Corgo,625,41.1042,-7.5495,31,0,0,33.7,27.046739130434776,0,1613.9,0,0,0.1,670.9000000000001,47.0,277,31,0,1.2133333333333336,1.0157142857142856,393.8,619.1,8.6,7.6,66.9,322.70000000000005,0,0,0,0.06802631578947368
CC08,2010,Cima Corgo,625,41.1042,-7.5495,37,1,0,35.7,28.041304347826085,1,1623.7000000000005,6,2,-3.0,836.8,55.3,262,54,1,1.4366666666666668,1.0399999999999998,413.5,533.9,11.1,9.4,75.5,471.2,0,0,1,0.9833333333333332
CC08,2011,Cima Corgo,625,41.1042,-7.5495,20,1,0,35.8,26.30652173913044,1,1730.9,4,0,-1.9,609.4,41.49999999999999,279,36,0,1.1966666666666663,1.03,418.6,536.4,10.9,9.3,47.400000000000006,376.80000000000007,0,0,0,0.010526315789473684
CC08,2012,Cima Corgo,625,41.1042,-7.5495,31,3,0,35.6,26.09782608695652,1,1457.6,1,0,-0.7,513.9999999999999,35.2,285,35,0,1.1466666666666667,0.8914285714285713,378.1,459.8,12.9,10.7,47.2,472.9999999999999,0,0,0,0.0
CC08,2013,Cima Corgo,625,41.1042,-7.5495,36,6,0,36.4,27.83913043478261,5,1591.8,5,1,-2.9,733.8,18.1,269,38,1,1.4666666666666668,1.0442857142857145,467.4,547.8000000000001,11.1,9.4,26.6,442.6,0,0,0,0.9888888888888889
CC08,2014,Cima Corgo,625,41.1042,-7.5495,17,0,0,33.8,25.75543478260869,0,1548.0,1,0,-1.2,842.7,35.2,252,33,0,1.12,0.8828571428571428,390.3,415.3,11.1,11.1,53.8,516.9,0,0,0,0.0
CC08,2015,Cima Corgo,625,41.1042,-7.5495,35,1,0,36.0,28.189130434782616,1,1670.9,0,0,0.3,460.9,41.400000000000006,293,37,0,1.35,1.022857142857143,422.80000000000007,555.5,10.7,9.2,58.400000000000006,475.50000000000006,0,0,0,0.07288461538461538
CC08,2016,Cima Corgo,625,41.1042,-7.5495,46,4,0,35.3,28.43369565217392,1,1661.0,5,0,-0.6,838.1,35.3,258,40,0,1.4799999999999998,1.032857142857143,419.30000000000007,508.30000000000007,13.5,11.1,40.3,597.9000000000001,0,0,0,0.47840019418812185
CC08,2017,Cima Corgo,625,41.1042,-7.5495,37,5,0,36.8,28.28695652173913,3,1882.0,3,0,-1.8,489.69999999999993,42.3,291,46,1,1.413333333333333,1.1742857142857142,446.2000000000001,718.0000000000002,9.4,7.300000000000001,55.900000000000006,182.5,0,0,0,0.9714975845410627
CC08,2018,Cima Corgo,625,41.1042,-7.5495,36,5,1,38.0,26.914130434782617,5,1698.6,4,0,-2.0,771.3,81.1,253,44,1,1.1266666666666667,0.9471428571428572,304.70000000000005,441.0,11.7,8.8,126.5,424.2,0,0,0,0.9722222222222221
CC08,2019,Cima Corgo,625,41.1042,-7.5495,28,1,0,36.3,26.53152173913043,1,1575.4,0,0,0.6,718.5,60.9,269,27,0,1.14,0.9457142857142858,355.70000000000005,544.5000000000001,11.1,9.4,78.80000000000001,403.4,0,0,0,0.0
CC08,2020,Cima Corgo,625,41.1042,-7.5495,50,3,0,37.0,28.118478260869555,1,1721.0,0,0,0.6,677.3,28.9,269,61,1,1.38,1.0285714285714285,439.0,525.5,11.1,9.4,39.400000000000006,503.6,0,0,1,0.9714975845410627
CC08,2021,Cima Corgo,625,41.1042,-7.5495,32,2,0,36.5,27.338043478260868,1,1589.7,1,0,-1.0,662.6,61.5,271,24,0,1.2333333333333334,0.9314285714285714,384.7000000000001,433.9,11.1,11.1,78.89999999999999,498.1000000000001,0,0,0,0.039097744360902256
CC08,2022,Cima Corgo,625,41.1042,-7.5495,67,27,9,41.7,30.77065217391305,12,2027.0,3,0,-1.1,691.8,46.6,273,64,1,1.5833333333333333,1.1828571428571428,438.00000000000006,582.3000000000001,11.0,9.4,64.0,446.4,1,0,1,1.0
CC08,2023,Cima Corgo,625,41.1042,-7.5495,46,4,3,40.0,28.34130434782609,3,1905.0,3,2,-3.5,799.5,65.80000000000001,268,72,1,1.2466666666666668,1.0142857142857142,364.7000000000001,456.5,9.4,9.4,112.2,626.9,0,0,1,1.0
CC08,2024,Cima Corgo,625,41.1042,-7.5495,41,6,1,38.6,28.846739130434788,3,1745.1,0,0,0.8,758.2,52.8,266,66,1,1.2666666666666666,0.9228571428571428,373.5,477.4,11.0,9.4,88.30000000000001,488.80000000000007,0,0,1,1.0
CC09,1995,Cima Corgo,195,41.235,-7.2955,18,1,0,37.7,26.67173913043478,1,1514.1,5,0,-0.6,674.3,69.80000000000001,273,40,0,1.2533333333333334,0.99,386.4,560.5000000000001,9.3,8.200000000000001,84.60000000000001,333.00000000000006,0,0,0,0.06941806271556174
CC09,1996,Cima Corgo,195,41.235,-7.2955,25,0,0,33.4,26.378260869565217,0,1309.7000000000005,8,2,-3.6,778.4000000000001,46.7,253,23,0,1.3033333333333337,0.9257142857142856,412.2000000000001,503.9000000000001,12.8,9.2,53.7,313.30000000000007,0,0,0,0.0939326375711575
CC09,1997,Cima Corgo,195,41.235,-7.2955,16,0,0,33.5,23.95543478260869,0,1396.6,0,0,2.4,816.4,145.3,266,66,1,0.98,0.8814285714285715,226.40000000000003,353.6,13.2,10.9,166.4,594.5,0,0,1,0.9554285714285715
CC09,1998,Cima Corgo,195,41.235,-7.2955,32,5,0,35.9,27.417391304347827,5,1400.8,4,1,-2.1,496.2,47.60000000000001,288,34,1,1.3766666666666667,0.9157142857142856,392.6,411.6,13.8,13.8,63.70000000000001,526.5,0,0,0,0.6789296771340115
CC09,1999,Cima Corgo,195,41.235,-7.2955,21,0,0,34.5,26.54347826086956,0,1318.4,4,0,-1.4,614.5,70.8,271,29,0,1.2366666666666668,0.8742857142857144,369.7000000000001,379.6,13.8,13.8,74.5,674.2,0,0,0,0.0
CC09,2000,Cima Corgo,195,41.235,-7.2955,22,0,0,33.3,25.902173913043484,0,1301.5,3,0,-1.4,766.3,34.9,262,47,0,1.2233333333333334,0.87,394.1,472.7000000000001,14.0,11.5,36.7,562.7,0,0,0,0.19777446138202154
CC09,2001,Cima Corgo,195,41.235,-7.2955,27,0,0,34.6,26.25978260869565,0,1380.9,0,0,-0.0,782.8,64.4,278,42,0,1.1966666666666663,0.9185714285714284,401.3,512.6,10.5,9.0,62.400000000000006,414.1,0,0,0,0.060526315789473685
CC09,2002,Cima Corgo,195,41.235,-7.2955,18,0,0,32.8,26.0858695652174,0,1277.1999999999998,6,1,-2.9,775.0,42.8,261,21,0,1.1466666666666667,0.82,397.7000000000001,458.3,10.9,10.9,56.2,526.9000000000001,0,0,0,0.0
CC09,2003,Cima Corgo,195,41.235,-7.2955,33,10,0,36.5,27.446739130434786,4,1504.6999999999998,0,0,0.9,732.8,73.69999999999999,274,29,1,1.2866666666666668,0.9757142857142858,369.7000000000001,536.4000000000001,11.5,9.7,92.7,561.8000000000001,0,0,0,0.7945382539956571
CC09,2004,Cima Corgo,195,41.235,-7.2955,16,0,0,34.1,26.954347826086952,0,1459.6999999999998,10,2,-4.3,398.9,49.2,305,36,0,1.2633333333333334,0.9642857142857144,411.1,544.6,11.0,9.4,62.7,427.3,0,0,0,0.0939326375711575
CC09,2005,Cima Corgo,195,41.235,-7.2955,41,2,0,36.3,29.01413043478261,2,1648.4,11,8,-5.8,473.00000000000006,18.9,298,39,1,1.65,1.157142857142857,506.5,673.6,10.9,9.3,27.3,462.8,0,1,0,0.9833333333333332
CC09,2006,Cima Corgo,195,41.235,-7.2955,40,2,0,36.1,27.88369565217392,1,1627.7000000000005,4,3,-2.9,704.8,53.0,270,27,1,1.47,1.0657142857142856,426.0,544.6,11.3,10.7,74.6,586.2,0,1,0,0.852888888888889
CC09,2007,Cima Corgo,195,41.235,-7.2955,10,1,0,36.3,24.563043478260862,1,1273.9,5,1,-2.7,426.7000000000001,81.1,291,46,0,1.09,0.8985714285714286,327.0,439.30000000000007,12.6,9.1,108.0,382.8,0,0,0,0.20263276097716326
CC09,2008,Cima Corgo,195,41.235,-7.2955,20,1,0,35.5,25.714130434782607,1,1219.8,5,1,-2.8,479.3,20.6,278,33,0,1.1733333333333331,0.8685714285714285,382.2000000000001,439.7000000000001,14.0,9.7,31.800000000000004,440.7999999999999,0,0,0,0.0
CC09,2009,Cima Corgo,195,41.235,-7.2955,32,0,0,33.1,26.843478260869563,0,1514.9,2,0,-0.7,617.6,36.3,281,59,1,1.26,1.0385714285714287,418.0,669.0,8.8,7.800000000000001,52.599999999999994,288.80000000000007,0,0,1,0.9603174603174605
CC09,2010,Cima Corgo,195,41.235,-7.2955,35,1,0,35.2,27.721739130434777,1,1499.9,10,3,-3.3,762.8,46.4,267,54,1,1.4433333333333334,1.0385714285714287,419.7000000000001,542.9,11.5,9.7,71.9,456.0,0,1,1,0.9826086956521738
CC09,2011,Cima Corgo,195,41.235,-7.2955,17,1,0,35.7,26.065217391304344,1,1595.0,7,2,-2.7,536.5,26.700000000000003,286,36,0,1.2166666666666668,1.032857142857143,432.0,567.1000000000001,11.2,9.6,39.400000000000006,342.6,0,0,0,0.07288461538461538
CC09,2012,Cima Corgo,195,41.235,-7.2955,31,3,0,36.0,26.082608695652173,1,1382.6999999999998,3,0,-1.0,453.4,29.0,293,38,0,1.2333333333333334,0.9442857142857142,405.2000000000001,500.2000000000001,12.9,10.8,42.6,434.9,0,0,0,0.0837298313961354
CC09,2013,Cima Corgo,195,41.235,-7.2955,31,5,0,36.1,27.583695652173912,5,1478.9,9,3,-3.9,664.0,16.0,273,38,1,1.4833333333333334,1.0485714285714285,475.00000000000006,564.9,11.4,9.7,23.3,415.5,0,1,0,0.9826086956521738
CC09,2014,Cima Corgo,195,41.235,-7.2955,15,0,0,34.0,25.60217391304348,0,1436.2999999999995,1,0,-1.4,766.0,34.2,261,33,0,1.17,0.9228571428571428,406.0,437.80000000000007,11.5,10.5,49.10000000000001,472.9,0,0,0,0.0
CC09,2015,Cima Corgo,195,41.235,-7.2955,33,1,0,36.4,27.9804347826087,1,1561.6,3,0,-1.1,448.6,49.00000000000001,296,36,0,1.41,1.0614285714285714,424.00000000000006,579.4,10.4,8.9,67.60000000000001,471.80000000000007,0,0,0,0.07288461538461538
CC09,2016,Cima Corgo,195,41.235,-7.2955,45,2,0,35.0,28.198913043478264,1,1549.3000000000002,7,0,-1.9,767.3000000000002,26.4,261,48,1,1.4966666666666668,1.0442857142857145,424.9,514.7,14.0,11.5,37.0,567.2,0,0,1,0.8594152046783625
CC09,2017,Cima Corgo,195,41.235,-7.2955,32,3,0,36.4,27.978260869565226,2,1701.6999999999998,5,1,-3.0,481.6,50.3,298,50,1,1.45,1.2,465.1,756.2,9.7,7.5,43.8,152.7,0,0,1,0.9826086956521738
CC09,2018,Cima Corgo,195,41.235,-7.2955,26,5,0,37.6,26.38913043478261,5,1510.1999999999998,6,2,-3.5,818.3,91.2,262,45,1,1.15,0.9628571428571427,315.6,466.4,12.1,8.9,123.70000000000002,398.8,0,0,0,0.9826086956521738
CC09,2019,Cima Corgo,195,41.235,-7.2955,28,1,0,36.1,26.16195652173913,1,1395.3000000000002,3,0,-1.5,727.2,83.3,265,27,0,1.2033333333333334,0.9914285714285715,367.7999999999999,569.2,11.5,9.7,78.80000000000001,349.8,0,0,0,0.0
CC09,2020,Cima Corgo,195,41.235,-7.2955,48,2,0,37.0,27.6945652173913,1,1524.4,0,0,0.3,722.7,37.8,271,38,0,1.4733333333333334,1.0914285714285714,457.00000000000006,557.7,11.5,9.7,35.5,470.2000000000001,0,0,0,0.19241053064582475
CC09,2021,Cima Corgo,195,41.235,-7.2955,27,2,0,35.9,27.20978260869565,1,1403.8,3,1,-2.4,664.6,49.5,274,29,0,1.29,0.9628571428571427,405.4,460.2000000000001,11.5,11.5,69.8,465.0,0,0,0,0.06802631578947368
CC09,2022,Cima Corgo,195,41.235,-7.2955,64,27,7,40.6,30.53043478260869,12,1826.3,6,2,-2.2,774.5999999999999,55.7,269,38,1,1.656666666666667,1.2428571428571429,459.8,620.3000000000001,11.4,9.7,55.1,408.7000000000001,1,0,0,0.9826086956521738
CC09,2023,Cima Corgo,195,41.235,-7.2955,32,4,2,39.1,27.970652173913045,3,1701.8,4,3,-3.8,782.3999999999999,113.2,266,72,1,1.2866666666666666,1.0514285714285714,381.2000000000001,494.9,9.7,9.7,103.8,580.3000000000001,0,1,1,0.9833333333333332
CC09,2024,Cima Corgo,195,41.235,-7.2955,36,6,1,38.6,28.53478260869565,3,1516.1,4,0,-1.9,781.5,75.5,261,34,1,1.32,0.9514285714285714,381.5,489.30000000000007,11.4,9.7,89.6,467.7,0,0,0,0.5848280750715388
CC10,1995,Cima Corgo,450,41.252,-7.262,14,1,0,36.4,25.825,1,1334.2,12,0,-1.9,674.3,69.80000000000001,273,40,0,1.1966666666666663,0.9642857142857144,374.80000000000007,538.3000000000001,9.8,8.6,86.4,339.40000000000003,0,0,0,0.08102941176470588
CC10,1996,Cima Corgo,450,41.252,-7.262,18,0,0,32.3,25.45978260869565,0,1146.6,12,5,-4.8,778.4000000000001,46.7,253,23,1,1.2433333333333334,0.8985714285714287,399.9,490.1000000000001,13.4,9.6,53.6,311.7,0,1,0,0.725901875901876
CC10,1997,Cima Corgo,450,41.252,-7.262,11,0,0,32.3,23.014130434782604,0,1217.4,0,0,1.2,816.4,145.3,266,66,1,0.9333333333333336,0.862857142857143,211.8,339.70000000000005,14.1,11.7,174.20000000000002,600.8,0,0,1,0.9554285714285715
CC10,1998,Cima Corgo,450,41.252,-7.262,22,0,0,34.8,26.453260869565216,0,1242.6999999999998,7,2,-3.2,496.2,47.60000000000001,288,34,0,1.32,0.8857142857142856,383.9,403.6,14.4,14.4,62.20000000000001,527.9000000000001,0,0,0,0.08230983104280216
CC10,1999,Cima Corgo,450,41.252,-7.262,11,0,0,33.3,25.634782608695662,0,1157.0,6,1,-2.3,614.5,70.8,271,29,0,1.1933333333333334,0.8542857142857142,356.70000000000005,365.3,14.4,14.4,77.2,682.3,0,0,0,0.010526315789473684
CC10,2000,Cima Corgo,450,41.252,-7.262,16,0,0,32.2,24.94782608695653,0,1141.4,6,2,-2.4,766.3,34.9,262,47,0,1.1666666666666667,0.8400000000000001,378.4,454.50000000000006,14.6,12.0,38.8,574.2,0,0,0,0.18972953517071162
CC10,2001,Cima Corgo,450,41.252,-7.262,17,0,0,33.4,25.29891304347826,0,1213.6,3,0,-1.2,782.8,64.4,278,42,0,1.143333333333333,0.8914285714285715,386.9,489.1,11.1,9.5,65.4,422.4,0,0,0,0.060526315789473685
CC10,2002,Cima Corgo,450,41.252,-7.262,9,0,0,31.9,25.21630434782609,0,1121.4,8,2,-4.2,775.0,42.8,261,21,0,1.086666666666667,0.7914285714285715,386.3,444.1,11.4,11.4,57.7,534.1,0,0,0,0.015384615384615385
CC10,2003,Cima Corgo,450,41.252,-7.262,25,3,0,35.4,26.507608695652177,1,1338.4,0,0,0.1,732.8,73.69999999999999,274,29,1,1.2299999999999998,0.9457142857142856,359.1,520.7,12.0,10.2,94.8,571.7,0,0,0,0.18689658231119022
CC10,2004,Cima Corgo,450,41.252,-7.262,12,0,0,33.2,26.044565217391305,0,1308.9,13,4,-5.1,398.9,49.2,305,36,1,1.2066666666666668,0.9371428571428572,399.50000000000006,526.5,11.5,9.9,63.8,433.1,0,1,0,0.725901875901876
CC10,2005,Cima Corgo,450,41.252,-7.262,32,1,0,35.4,28.165217391304346,1,1484.7000000000005,14,10,-6.4,473.00000000000006,18.9,298,39,1,1.596666666666667,1.134285714285714,494.5,656.3000000000001,11.4,9.8,28.9,473.9,0,1,0,0.9826086956521738
CC10,2006,Cima Corgo,450,41.252,-7.262,30,1,0,35.1,27.07282608695652,1,1455.8000000000002,4,3,-3.9,704.8,53.0,270,27,1,1.42,1.0442857142857145,419.1,530.3000000000001,11.8,11.7,70.60000000000001,591.3000000000001,0,1,0,0.8506666666666668
CC10,2007,Cima Corgo,450,41.252,-7.262,7,1,0,35.1,23.564130434782605,1,1095.6999999999998,11,3,-3.8,426.7000000000001,81.1,291,46,1,1.0366666666666668,0.8714285714285713,308.1,409.3,13.6,9.7,112.7,396.4,0,1,0,0.7831746031746032
CC10,2008,Cima Corgo,450,41.252,-7.262,12,0,0,34.4,24.814130434782616,0,1064.3000000000002,9,2,-3.5,479.3,20.6,278,33,0,1.13,0.8485714285714285,373.2000000000001,431.7,14.6,10.2,33.5,440.6,0,0,0,0.048937578386198076
CC10,2009,Cima Corgo,450,41.252,-7.262,21,0,0,32.4,26.042391304347827,0,1359.9999999999998,4,0,-1.8,617.6,36.3,281,59,1,1.2133333333333334,1.0171428571428571,410.6,656.3000000000001,9.3,8.200000000000001,51.60000000000001,287.90000000000003,0,0,1,0.9488888888888889
CC10,2010,Cima Corgo,450,41.252,-7.262,25,0,0,34.2,26.7304347826087,0,1330.9,14,6,-4.2,762.8,46.4,267,54,1,1.3733333333333333,1.0014285714285716,406.1,521.5,12.0,10.2,73.39999999999999,464.4,0,1,1,0.9714285714285715
CC10,2011,Cima Corgo,450,41.252,-7.262,9,0,0,34.5,25.158695652173908,0,1413.1999999999998,9,5,-3.9,536.5,26.700000000000003,286,36,1,1.163333333333333,1.0042857142857142,422.6,553.9000000000001,11.8,10.0,37.900000000000006,341.70000000000005,0,1,0,0.725901875901876
CC10,2012,Cima Corgo,450,41.252,-7.262,20,1,0,35.0,25.196739130434786,1,1236.3,7,1,-2.5,453.4,29.0,293,38,0,1.1866666666666668,0.9228571428571428,396.0,489.1,13.5,11.3,42.900000000000006,436.3,0,0,0,0.09561188811188812
CC10,2013,Cima Corgo,450,41.252,-7.262,24,1,0,35.0,26.630434782608685,1,1311.7,11,5,-3.8,664.0,16.0,273,38,1,1.4266666666666667,1.0171428571428571,465.80000000000007,546.4,12.0,10.2,23.1,419.6,0,1,0,0.9714285714285715
CC10,2014,Cima Corgo,450,41.252,-7.262,6,0,0,32.8,24.69347826086957,0,1265.7000000000005,2,0,-1.7,766.0,34.2,261,33,0,1.1233333333333333,0.9,393.6,425.5,12.3,11.2,50.400000000000006,476.4,0,0,0,0.0
CC10,2015,Cima Corgo,450,41.252,-7.262,20,1,0,35.1,27.05217391304348,1,1375.0,5,0,-2.0,448.6,49.00000000000001,296,36,0,1.346666666666667,1.032857142857143,412.5,563.3,10.9,9.4,70.5,480.30000000000007,0,0,0,0.0854909575277891
CC10,2016,Cima Corgo,450,41.252,-7.262,32,1,0,34.0,27.242391304347827,1,1382.6,15,3,-3.0,767.3000000000002,26.4,261,48,1,1.4333333333333331,1.0114285714285716,413.5,499.4,14.6,12.0,36.0,571.8,0,1,0,0.9714285714285715
CC10,2017,Cima Corgo,450,41.252,-7.262,31,3,0,36.0,27.85326086956522,2,1614.6999999999998,6,3,-3.3,442.8,46.900000000000006,294,50,1,1.39,1.1714285714285717,456.4,742.3000000000001,10.2,7.9,41.8,149.4,0,1,0,0.9826086956521738
CC10,2018,Cima Corgo,450,41.252,-7.262,23,5,0,37.1,26.151086956521745,5,1431.3,8,3,-4.1,732.9,102.5,266,55,1,1.09,0.9342857142857144,306.8,451.9,13.1,9.5,124.70000000000002,403.9,0,1,1,0.9833333333333332
CC10,2019,Cima Corgo,450,41.252,-7.262,26,1,0,35.7,26.24130434782609,1,1351.3,6,0,-1.6,650.8,84.2,267,27,0,1.153333333333333,0.97,359.90000000000003,556.9,12.0,10.2,79.30000000000001,348.40000000000003,0,0,0,0.010526315789473684
CC10,2020,Cima Corgo,450,41.252,-7.262,46,1,0,36.3,27.53369565217392,1,1445.0,0,0,0.3,677.8000000000001,38.3,275,64,1,1.4333333333333336,1.0742857142857145,449.6,546.8000000000001,12.0,10.2,35.2,471.7999999999999,0,0,1,0.9603174603174605
CC10,2021,Cima Corgo,450,41.252,-7.262,25,1,0,36.0,27.0054347826087,1,1332.6,4,2,-2.3,606.1,43.6,284,29,0,1.2433333333333334,0.9399999999999998,398.9,450.6,12.0,12.0,66.6,463.00000000000006,0,0,0,0.039097744360902256
CC10,2022,Cima Corgo,450,41.252,-7.262,63,20,7,40.0,30.194565217391304,8,1738.7,7,3,-2.6,731.8999999999999,64.4,268,38,1,1.596666666666667,1.2157142857142855,451.2000000000001,604.4000000000001,11.9,10.1,54.7,412.30000000000007,1,1,0,0.9826086956521738
CC10,2023,Cima Corgo,450,41.252,-7.262,32,4,1,38.3,27.828260869565216,3,1617.6,5,3,-5.3,717.3,109.5,271,72,1,1.2333333333333334,1.0257142857142858,374.8,487.2000000000001,10.1,10.1,103.3,580.2,0,1,1,1.0
CC10,2024,Cima Corgo,450,41.252,-7.262,37,6,0,37.7,28.24130434782609,3,1419.6,5,2,-3.5,733.8000000000001,73.30000000000001,259,54,1,1.26,0.9214285714285716,371.8,468.9,11.9,10.2,89.4,471.5,0,0,1,0.9826086956521738
CC11,1995,Cima Corgo,480,41.242,-7.4385,28,1,1,38.1,27.634782608695648,1,1744.8,0,0,0.7,818.0,86.5,261,40,0,1.07,0.9228571428571428,348.4,486.6,8.9,7.800000000000001,86.20000000000002,357.8,0,0,0,0.039097744360902256
CC11,1996,Cima Corgo,480,41.242,-7.4385,29,0,0,34.1,27.36521739130435,0,1528.5,5,1,-2.6,951.5,46.8,248,27,0,1.1333333333333335,0.8542857142857142,364.6,423.9,12.7,9.8,55.7,342.1,0,0,0,0.0
CC11,1997,Cima Corgo,480,41.242,-7.4385,21,0,0,34.5,24.909782608695657,0,1628.5,0,0,3.5,959.3,151.00000000000003,250,41,0,0.7866666666666666,0.7985714285714284,178.0,278.3,15.2,12.1,169.9,636.3,0,0,0,0.010526315789473684
CC11,1998,Cima Corgo,480,41.242,-7.4385,39,5,0,36.8,28.328260869565216,5,1600.1,2,0,-1.2,603.2,63.6,272,26,0,1.17,0.8200000000000001,346.8,360.2,13.2,13.2,68.30000000000001,578.5,0,0,0,0.10375668449197861
CC11,1999,Cima Corgo,480,41.242,-7.4385,28,2,0,35.2,27.390217391304343,1,1522.8000000000002,1,0,-0.3,734.8,81.69999999999999,271,28,0,1.02,0.7700000000000001,320.0,326.2,13.1,13.1,82.30000000000001,744.0,0,0,0,0.0
CC11,2000,Cima Corgo,480,41.242,-7.4385,27,0,0,34.0,26.720652173913045,0,1488.1,1,0,-0.5,920.9,37.7,252,48,0,1.0433333333333332,0.7842857142857144,357.0,416.7,13.2,10.9,36.1,595.8000000000001,0,0,0,0.010526315789473684
CC11,2001,Cima Corgo,480,41.242,-7.4385,30,3,0,35.3,27.101086956521737,1,1587.5,0,0,1.1,932.7,69.30000000000001,268,42,0,0.9966666666666668,0.8385714285714287,356.6,444.19999999999993,10.0,8.6,67.10000000000001,447.1,0,0,0,0.0
CC11,2002,Cima Corgo,480,41.242,-7.4385,20,0,0,33.8,26.95543478260869,0,1479.9,2,0,-2.0,901.4,43.0,257,20,0,0.9666666666666668,0.7414285714285713,359.3,411.30000000000007,10.4,10.4,57.5,576.3000000000001,0,0,0,0.0
CC11,2003,Cima Corgo,480,41.242,-7.4385,43,13,0,37.3,28.24130434782609,12,1706.4,0,0,2.1,853.5999999999999,97.0,262,29,1,1.0766666666666669,0.887142857142857,322.70000000000005,471.2000000000001,10.9,9.2,101.3,603.6,0,0,0,0.9714975845410627
CC11,2004,Cima Corgo,480,41.242,-7.4385,23,1,0,35.0,27.80978260869565,1,1652.5000000000002,3,1,-3.8,467.5,64.2,299,30,0,1.07,0.8842857142857142,359.00000000000006,472.30000000000007,10.4,8.9,75.60000000000001,464.80000000000007,0,0,0,0.0
CC11,2005,Cima Corgo,480,41.242,-7.4385,51,5,0,37.0,29.916304347826088,3,1854.2000000000005,10,3,-4.9,533.3,21.9,296,39,1,1.47,1.0871428571428572,461.3,587.6,10.8,9.2,28.4,490.1,0,1,0,1.0
CC11,2006,Cima Corgo,480,41.242,-7.4385,53,5,0,37.1,28.740217391304352,3,1840.6,4,0,-2.0,856.8999999999999,76.0,261,27,0,1.2733333333333334,0.9771428571428572,370.7000000000001,471.9000000000001,10.8,10.8,86.89999999999999,653.2,0,0,0,0.202297165200391
CC11,2007,Cima Corgo,480,41.242,-7.4385,17,1,0,37.0,25.47826086956522,1,1491.4,2,0,-1.5,461.4,82.5,283,46,0,0.93,0.8457142857142858,292.6,381.30000000000007,12.0,8.700000000000001,107.4,385.30000000000007,0,0,0,0.08325358851674641
CC11,2008,Cima Corgo,480,41.242,-7.4385,24,1,0,36.2,26.457608695652176,1,1414.6999999999998,1,0,-1.6,599.0,25.5,270,21,0,0.9633333333333334,0.7742857142857142,342.5,365.8,13.2,9.9,33.400000000000006,487.3,0,0,0,0.0
CC11,2009,Cima Corgo,480,41.242,-7.4385,37,0,0,34.2,27.68369565217392,0,1710.3,0,0,0.7,746.7,58.2,275,50,1,1.0599999999999998,0.9671428571428572,368.5,588.5,8.5,7.5,61.5,321.3,0,0,1,0.9603174603174605
CC11,2010,Cima Corgo,480,41.242,-7.4385,50,2,0,36.2,28.59347826086956,1,1704.6,5,1,-2.3,903.6,54.9,260,54,1,1.27,0.9757142857142856,380.6,484.00000000000006,11.0,9.3,71.60000000000001,476.6,0,0,1,0.9826086956521738
CC11,2011,Cima Corgo,480,41.242,-7.4385,26,1,0,36.5,26.926086956521743,1,1823.5,2,0,-1.8,678.8000000000001,42.3,278,36,0,1.05,0.98,385.7,490.6,10.7,9.1,49.10000000000001,387.7,0,0,0,0.0
CC11,2012,Cima Corgo,480,41.242,-7.4385,32,5,0,36.5,26.795652173913048,2,1552.1,0,0,0.3,529.9000000000001,37.2,284,35,0,1.0133333333333334,0.8442857142857143,348.9,414.2,12.8,10.6,46.60000000000001,475.00000000000006,0,0,0,0.0
CC11,2013,Cima Corgo,480,41.242,-7.4385,44,6,0,36.9,28.4391304347826,5,1676.2,5,1,-2.9,800.9000000000001,21.200000000000003,267,38,0,1.32,0.9871428571428572,435.30000000000007,493.50000000000006,10.9,9.2,25.4,456.5,0,0,0,0.9714975845410627
CC11,2014,Cima Corgo,480,41.242,-7.4385,19,0,0,34.6,26.41956521739131,0,1645.3000000000002,1,0,-0.4,952.6,40.4,251,28,0,0.9766666666666668,0.8357142857142856,361.6,384.2000000000001,11.4,11.4,50.900000000000006,532.2,0,0,0,0.0
CC11,2015,Cima Corgo,480,41.242,-7.4385,42,4,0,36.8,28.810869565217395,3,1772.1,0,0,0.1,528.4,51.8,289,30,0,1.2033333333333334,0.98,383.4,495.6000000000001,10.5,9.0,66.4,508.8,0,0,0,0.06802631578947368
CC11,2016,Cima Corgo,480,41.242,-7.4385,53,8,0,35.9,29.042391304347827,2,1748.6999999999998,1,0,-0.6,932.5,32.800000000000004,256,40,1,1.3133333333333337,0.9671428571428572,387.0,458.0,13.2,10.9,40.1,613.7,0,0,0,0.67007466070821
CC11,2017,Cima Corgo,480,41.242,-7.4385,48,8,0,37.7,29.10217391304348,3,1975.1,1,0,-0.9,539.5,51.0,291,28,1,1.2466666666666668,1.1285714285714286,414.9,657.7,9.2,7.1000000000000005,52.8,179.70000000000002,0,0,0,0.5613183606422656
CC11,2018,Cima Corgo,480,41.242,-7.4385,42,5,2,38.9,27.642391304347825,5,1776.3000000000002,3,1,-2.1,918.5,88.1,263,62,1,0.9433333333333334,0.8814285714285716,275.8,396.5,12.2,9.8,127.2,422.00000000000006,0,0,1,0.9833333333333332
CC11,2019,Cima Corgo,480,41.242,-7.4385,39,1,0,36.8,27.34565217391304,1,1672.5,1,0,-0.2,804.8,77.1,266,27,0,0.99,0.8985714285714285,323.9,500.2000000000001,10.9,9.2,82.70000000000002,392.1,0,0,0,0.010526315789473684
CC11,2020,Cima Corgo,480,41.242,-7.4385,56,4,1,38.2,28.87608695652173,1,1806.9,0,0,1.5,729.3,28.8,275,61,1,1.24,0.9828571428571428,409.6,476.0,10.9,9.2,37.3,507.7,0,0,1,0.9714975845410627
CC11,2021,Cima Corgo,480,41.242,-7.4385,39,3,0,36.5,28.23913043478261,1,1673.1999999999998,1,0,-0.4,704.1,39.2,277,29,0,1.0833333333333333,0.8728571428571428,361.9,408.5,10.9,10.9,72.4,506.0,0,0,0,0.0
CC11,2022,Cima Corgo,480,41.242,-7.4385,69,33,12,42.2,31.73478260869565,12,2106.8,4,0,-0.9,767.6000000000001,30.1,268,41,1,1.4266666666666667,1.1442857142857144,406.30000000000007,530.9,10.8,9.2,63.2,464.1,1,0,0,1.0
CC11,2023,Cima Corgo,480,41.242,-7.4385,53,7,3,40.3,29.120652173913047,4,1988.6,3,2,-3.5,838.0,83.5,272,80,1,1.0666666666666669,0.9542857142857144,340.0,431.2000000000001,9.2,9.2,107.3,642.7,0,0,1,1.0
CC11,2024,Cima Corgo,480,41.242,-7.4385,51,9,2,39.7,29.73804347826087,3,1802.8,0,0,1.0,814.2,62.4,262,52,1,1.106666666666667,0.8628571428571429,348.6,422.2000000000001,10.8,9.2,84.80000000000001,506.7,0,0,1,0.9826086956521738
CC13,1995,Cima Corgo,280,41.2095,-7.468,35,1,1,38.2,28.27065217391304,1,1914.2,0,0,1.5,818.0,86.5,261,40,0,1.163333333333333,0.9471428571428572,364.9,517.2,8.700000000000001,7.6,83.80000000000001,336.6,0,0,0,0.07288461538461538
CC13,1996,Cima Corgo,280,41.2095,-7.468,38,0,0,34.9,28.09021739130435,0,1700.4,3,0,-1.6,951.5,46.8,248,27,0,1.2366666666666666,0.8928571428571429,392.7000000000001,468.1,12.3,8.8,47.3,319.0,0,0,0,0.06802631578947368
CC13,1997,Cima Corgo,280,41.2095,-7.468,24,1,0,35.4,25.55760869565218,1,1798.5,0,0,4.4,959.3,151.00000000000003,250,41,0,0.88,0.8214285714285714,210.8,318.6,14.1,11.4,155.20000000000002,593.3,0,0,0,0.015384615384615385
CC13,1998,Cima Corgo,280,41.2095,-7.468,48,7,0,37.7,28.984782608695657,5,1756.1999999999998,1,0,-0.3,603.2,63.6,272,26,0,1.2633333333333334,0.8528571428571429,367.2999999999999,384.19999999999993,12.8,12.8,65.5,548.7,0,0,0,0.10375668449197861
CC13,1999,Cima Corgo,280,41.2095,-7.468,33,2,0,35.8,27.90434782608695,1,1676.8999999999996,0,0,0.7,734.8,81.69999999999999,271,28,0,1.1033333333333333,0.7957142857142856,346.1,354.00000000000006,12.8,12.8,72.9,688.8,0,0,0,0.0
CC13,2000,Cima Corgo,280,41.2095,-7.468,36,1,0,34.6,27.28478260869565,1,1626.1,0,0,0.4,920.9,37.7,252,48,0,1.13,0.8142857142857143,376.6,444.1,13.0,10.7,32.5,570.2,0,0,0,0.06802631578947368
CC13,2001,Cima Corgo,280,41.2095,-7.468,36,5,0,36.1,27.65217391304348,3,1741.0999999999997,0,0,2.0,932.7,69.30000000000001,268,42,0,1.0833333333333333,0.8657142857142858,379.6,483.6000000000001,9.8,8.4,57.7,408.6,0,0,0,0.10851511391833972
CC13,2002,Cima Corgo,280,41.2095,-7.468,23,0,0,34.5,27.518478260869568,0,1630.7999999999995,1,0,-1.3,901.4,43.0,257,20,0,1.0599999999999998,0.7742857142857142,378.5,432.7,10.2,10.2,51.3,528.2,0,0,0,0.0
CC13,2003,Cima Corgo,280,41.2095,-7.468,47,17,1,38.0,28.76630434782609,14,1858.8,0,0,2.9,853.5999999999999,97.0,262,29,1,1.16,0.9128571428571428,341.6,500.8,10.7,9.1,94.2,564.7,0,0,0,0.9714975845410627
CC13,2004,Cima Corgo,280,41.2095,-7.468,35,2,0,35.6,28.36086956521739,2,1802.9000000000003,2,1,-3.8,467.5,64.2,299,30,0,1.163333333333333,0.9142857142857144,385.9,512.3000000000001,10.3,8.8,64.4,423.7000000000001,0,0,0,0.06442937178365205
CC13,2005,Cima Corgo,280,41.2095,-7.468,59,9,0,37.3,30.48369565217392,3,2003.1,7,3,-4.1,533.3,21.9,296,39,1,1.55,1.1057142857142856,478.3,616.3000000000001,10.5,9.0,26.1,450.7999999999999,0,1,0,1.0
CC13,2006,Cima Corgo,280,41.2095,-7.468,58,9,0,37.8,29.29673913043479,4,2001.3,3,0,-1.4,856.8999999999999,76.0,261,27,0,1.3533333333333335,1.0,387.1,488.6,10.6,10.6,85.10000000000001,608.1,0,0,0,0.2771333828863514
CC13,2007,Cima Corgo,280,41.2095,-7.468,25,3,0,37.6,26.092391304347824,2,1658.8,1,0,-0.2,461.4,82.5,283,46,0,1.0133333333333334,0.8742857142857143,316.9,428.7999999999999,11.4,8.3,101.4,358.70000000000005,0,0,0,0.10365681432319802
CC13,2008,Cima Corgo,280,41.2095,-7.468,25,1,0,36.7,26.913043478260875,1,1557.7,1,0,-0.5,599.0,25.5,270,21,0,1.04,0.7999999999999999,357.70000000000005,398.30000000000007,13.0,9.1,31.4,471.0,0,0,0,0.0
CC13,2009,Cima Corgo,280,41.2095,-7.468,44,1,0,35.2,28.134782608695648,1,1846.0,0,0,1.8,746.7,58.2,275,50,1,1.1433333333333335,0.9885714285714284,382.1,608.8000000000001,8.200000000000001,7.300000000000001,61.900000000000006,306.2,0,0,1,0.9603174603174605
CC13,2010,Cima Corgo,280,41.2095,-7.468,56,7,0,37.0,29.24347826086957,2,1871.1,3,0,-1.5,903.6,54.9,260,54,1,1.36,1.002857142857143,397.6,511.80000000000007,10.7,9.1,70.9,446.4,0,0,1,0.9833333333333332
CC13,2011,Cima Corgo,280,41.2095,-7.468,28,4,0,37.3,27.46630434782608,2,1990.0,1,0,-0.9,678.8000000000001,42.3,278,36,0,1.1333333333333333,1.0,403.2999999999999,521.0,10.4,8.9,45.5,365.5,0,0,0,0.039097744360902256
CC13,2012,Cima Corgo,280,41.2095,-7.468,34,5,0,36.9,27.17065217391305,2,1671.9,0,0,1.1,529.9000000000001,37.2,284,35,0,1.0933333333333335,0.8671428571428572,367.0,441.8,12.5,10.3,44.1,450.1,0,0,0,0.0
CC13,2013,Cima Corgo,280,41.2095,-7.468,52,10,0,37.7,29.044565217391305,5,1830.2000000000005,3,0,-2.0,800.9000000000001,21.200000000000003,267,38,1,1.406666666666667,1.0157142857142856,450.5,523.4000000000001,10.7,9.1,25.9,427.2000000000001,0,0,0,0.9714975845410627
CC13,2014,Cima Corgo,280,41.2095,-7.468,24,1,0,35.1,26.93804347826088,1,1802.3,0,0,0.3,952.6,40.4,251,28,0,1.0633333333333337,0.8628571428571429,379.6,403.3,10.8,10.8,48.8,505.9,0,0,0,0.0
CC13,2015,Cima Corgo,280,41.2095,-7.468,49,5,0,37.1,29.329347826086952,3,1920.2,0,0,1.2,528.4,51.8,289,30,0,1.2866666666666668,0.9971428571428572,400.9,525.2,10.2,8.8,63.10000000000001,477.4000000000001,0,0,0,0.09561188811188812
CC13,2016,Cima Corgo,280,41.2095,-7.468,57,10,0,36.5,29.653260869565216,2,1903.4,0,0,0.5,932.5,32.800000000000004,256,40,1,1.4066666666666665,0.9957142857142858,405.3,483.8,13.0,10.7,37.900000000000006,590.8999999999999,0,0,0,0.7547078219459683
CC13,2017,Cima Corgo,280,41.2095,-7.468,57,12,2,38.4,29.875,5,2138.9,1,0,-0.2,539.5,51.0,291,28,1,1.3333333333333333,1.1442857142857144,433.4,693.8,9.1,7.0,49.3,172.5,0,0,0,0.5618750883726337
CC13,2018,Cima Corgo,280,41.2095,-7.468,54,6,3,39.7,28.421739130434784,5,1927.1,2,0,-1.3,918.5,88.1,263,62,1,1.0433333333333332,0.9128571428571428,289.1,427.3,11.8,8.5,126.4,409.3,0,0,1,1.0
CC13,2019,Cima Corgo,280,41.2095,-7.468,47,4,0,37.6,28.11630434782609,2,1828.6,0,0,0.6,804.8,77.1,266,27,0,1.0766666666666669,0.9185714285714288,340.5,523.8,10.7,9.1,77.5,378.00000000000006,0,0,0,0.07288461538461538
CC13,2020,Cima Corgo,280,41.2095,-7.468,63,12,1,38.9,29.65108695652174,3,1970.5,0,0,2.2,729.3,28.8,275,61,1,1.3133333333333332,1.0,426.2,507.2,10.7,9.1,34.300000000000004,478.7000000000001,0,0,1,0.9714975845410627
CC13,2021,Cima Corgo,280,41.2095,-7.468,47,6,0,37.2,29.01304347826088,3,1836.3,0,0,0.3,704.1,39.2,277,29,0,1.17,0.8971428571428571,376.3,423.6,10.7,10.7,71.9,480.30000000000007,0,0,0,0.0907535885167464
CC13,2022,Cima Corgo,280,41.2095,-7.468,75,36,14,43.0,32.50652173913044,12,2264.8,1,0,-0.1,767.6000000000001,30.1,268,41,1,1.5200000000000002,1.164285714285714,420.0,555.6,10.6,9.0,64.7,442.5,1,0,0,0.9833333333333332
CC13,2023,Cima Corgo,280,41.2095,-7.468,57,9,4,41.1,29.90108695652174,5,2153.0,3,1,-2.7,838.0,83.5,272,80,1,1.1566666666666665,0.972857142857143,352.20000000000005,449.1,9.1,9.1,107.8,603.3,0,0,1,1.0
CC13,2024,Cima Corgo,280,41.2095,-7.468,58,13,4,40.5,30.52173913043478,5,1960.3,0,0,1.8,814.2,62.4,262,52,1,1.2033333333333334,0.8971428571428571,363.4,447.9,10.6,9.0,82.7,479.6,0,0,1,1.0
CC14,1995,Cima Corgo,135,41.158,-7.363,53,9,1,40.6,30.18260869565217,3,2273.7,0,0,3.3,674.3,69.80000000000001,273,40,0,1.1766666666666667,1.0042857142857144,365.5,526.6,8.700000000000001,7.6,82.9,348.5,0,0,0,0.17393263757115748
CC14,1996,Cima Corgo,135,41.158,-7.363,45,14,0,36.7,29.922826086956523,9,2061.2,0,0,-0.0,778.4000000000001,46.7,253,23,0,1.2466666666666668,0.93,382.7,447.9,12.1,9.2,58.7,341.0,0,0,0,0.17994886965789206
CC14,1997,Cima Corgo,135,41.158,-7.363,46,11,0,37.1,27.4608695652174,9,2169.1000000000004,0,0,6.0,816.4,145.3,266,66,1,0.8933333333333332,0.8785714285714287,201.1,304.70000000000005,12.6,10.4,168.0,631.7,0,0,1,0.9554285714285715
CC14,1998,Cima Corgo,135,41.158,-7.363,63,19,5,39.4,30.877173913043475,7,2107.6,0,0,1.3,496.2,47.60000000000001,288,34,0,1.3,0.9028571428571428,359.3,369.5,13.0,13.0,68.7,572.6,1,0,0,0.10873818964495116
CC14,1999,Cima Corgo,135,41.158,-7.363,62,10,0,37.8,29.944565217391304,4,2058.0,0,0,2.3,614.5,70.8,271,29,0,1.163333333333333,0.8685714285714285,348.90000000000003,359.20000000000005,12.8,12.8,78.0,721.8000000000001,0,0,0,0.09561188811188812
CC14,2000,Cima Corgo,135,41.158,-7.363,51,11,0,36.6,29.266304347826093,3,1996.2,0,0,2.0,766.3,34.9,262,47,0,1.17,0.8728571428571428,378.5,441.5,13.0,10.7,34.6,575.4000000000001,0,0,0,0.32621848739495796
CC14,2001,Cima Corgo,135,41.158,-7.363,61,12,0,37.9,29.654347826086955,3,2117.7000000000003,0,0,3.6,782.8,64.4,278,42,0,1.1233333333333333,0.9242857142857144,377.0,475.80000000000007,9.3,8.1,65.7,441.5,0,0,0,0.17015520423350786
CC14,2002,Cima Corgo,135,41.158,-7.363,49,6,0,36.3,29.51086956521739,3,2002.2000000000005,0,0,0.5,775.0,42.8,261,21,0,1.086666666666667,0.8171428571428571,375.2999999999999,433.0,10.1,10.1,60.2,570.8,0,0,0,0.039097744360902256
CC14,2003,Cima Corgo,135,41.158,-7.363,63,22,13,39.9,30.78695652173913,15,2234.8,0,0,4.7,732.8,73.69999999999999,274,29,0,1.2133333333333334,0.9785714285714284,350.70000000000005,503.00000000000006,10.7,9.1,90.4,595.7,1,0,0,0.5107978090021434
CC14,2004,Cima Corgo,135,41.158,-7.363,71,8,0,37.5,30.356521739130432,3,2168.3,1,0,-1.3,398.9,49.2,305,36,0,1.2,0.972857142857143,379.9,496.2000000000001,10.2,8.700000000000001,71.9,463.3,0,0,0,0.09561188811188812
CC14,2005,Cima Corgo,135,41.158,-7.363,85,27,2,39.6,32.46521739130435,4,2386.9,3,1,-2.3,473.00000000000006,18.9,298,39,1,1.61,1.1828571428571428,482.0,631.8,10.3,8.8,26.200000000000003,491.1,0,0,0,0.9826086956521738
CC14,2006,Cima Corgo,135,41.158,-7.363,76,23,4,39.6,31.293478260869566,9,2385.7,0,0,0.5,704.8,53.0,270,27,0,1.41,1.0757142857142858,392.4,508.30000000000007,10.5,10.5,81.9,634.3,0,0,0,0.39754718865474886
CC14,2007,Cima Corgo,135,41.158,-7.363,42,7,1,39.6,28.03152173913044,4,2019.7000000000005,0,0,1.1,426.7000000000001,81.1,291,46,0,1.0266666666666666,0.91,312.20000000000005,398.8,11.9,8.5,102.8,391.99999999999994,0,0,0,0.18960084033613445
CC14,2008,Cima Corgo,135,41.158,-7.363,40,5,1,38.7,29.014130434782604,2,1937.7000000000005,0,0,0.9,479.3,20.6,278,33,0,1.096666666666667,0.8657142857142858,364.1,391.8,13.0,10.5,31.4,462.7000000000001,0,0,0,0.010526315789473684
CC14,2009,Cima Corgo,135,41.158,-7.363,66,13,0,36.8,30.24021739130435,7,2229.7,0,0,3.2,617.6,36.3,281,59,1,1.1866666666666668,1.05,395.30000000000007,627.5000000000001,8.3,7.300000000000001,52.7,307.0,0,0,1,0.9826086956521738
CC14,2010,Cima Corgo,135,41.158,-7.363,75,18,1,38.7,31.14891304347826,6,2232.8,0,0,0.3,762.8,46.4,267,54,1,1.3866666666666667,1.052857142857143,397.0,506.6,10.7,9.1,69.8,486.0,0,0,1,1.0
CC14,2011,Cima Corgo,135,41.158,-7.363,65,7,1,39.0,29.471739130434784,2,2367.2,0,0,0.8,536.5,26.700000000000003,286,36,0,1.153333333333333,1.0542857142857145,404.3,514.3,10.4,8.9,46.400000000000006,375.9,0,0,0,0.0907535885167464
CC14,2012,Cima Corgo,135,41.158,-7.363,56,15,3,39.0,29.34456521739132,4,2049.5,0,0,2.8,453.4,29.0,293,38,0,1.1666666666666667,0.9471428571428572,380.6,456.2,12.3,10.2,43.400000000000006,465.3,0,0,0,0.11665991029843022
CC14,2013,Cima Corgo,135,41.158,-7.363,72,22,6,39.5,30.986956521739128,10,2188.8,1,0,-0.3,664.0,16.0,273,38,0,1.4300000000000004,1.0585714285714285,452.0,523.6,10.6,9.1,21.9,453.9,1,0,0,0.6197278830825055
CC14,2014,Cima Corgo,135,41.158,-7.363,44,6,0,37.1,28.957608695652176,2,2181.7000000000003,0,0,2.1,766.0,34.2,261,33,0,1.1033333333333333,0.9271428571428572,387.0,413.4000000000001,10.7,10.7,47.1,499.4,0,0,0,0.06802631578947368
CC14,2015,Cima Corgo,135,41.158,-7.363,71,17,1,39.4,31.365217391304352,4,2315.9,0,0,2.6,448.6,49.00000000000001,296,36,0,1.3433333333333335,1.0757142857142858,405.30000000000007,543.9000000000001,9.7,8.4,63.3,492.7000000000001,0,0,0,0.10375668449197861
CC14,2016,Cima Corgo,135,41.158,-7.363,74,29,6,38.4,31.59021739130436,6,2272.4,0,0,1.9,767.3000000000002,26.4,261,48,1,1.4333333333333331,1.0514285714285714,403.0,480.2,13.0,10.7,38.7,584.5,1,0,0,0.9826086956521738
CC14,2017,Cima Corgo,135,41.158,-7.363,83,23,8,40.7,31.80652173913043,7,2563.0,0,0,1.7,467.19999999999993,53.8,291,49,0,1.393333333333333,1.2342857142857144,432.6,698.1000000000001,9.1,7.0,52.10000000000001,166.0,1,0,0,0.9562222222222223
CC14,2018,Cima Corgo,135,41.158,-7.363,80,16,5,41.4,30.35760869565217,6,2314.2000000000003,0,0,1.6,774.4000000000001,91.5,258,55,1,1.0633333333333337,0.96,301.20000000000005,423.7,10.7,8.5,117.10000000000002,407.5,1,0,1,1.0
CC14,2019,Cima Corgo,135,41.158,-7.363,71,12,1,40.5,30.06195652173913,4,2224.8,0,0,3.3,696.9000000000001,79.7,265,27,0,1.1266666666666667,0.9985714285714284,346.50000000000006,533.5,10.7,9.1,80.70000000000002,376.1000000000001,0,0,0,0.10375668449197861
CC14,2020,Cima Corgo,135,41.158,-7.363,78,40,5,40.4,31.70652173913044,17,2381.9,0,0,4.3,708.4,34.0,266,52,1,1.3999999999999997,1.0942857142857143,429.30000000000007,506.5,10.7,9.1,37.4,504.4,1,0,1,1.0
CC14,2021,Cima Corgo,135,41.158,-7.363,64,20,3,40.3,30.991304347826084,7,2254.4,0,0,3.0,656.9,60.400000000000006,276,29,0,1.2233333333333334,0.9685714285714286,379.4,433.2000000000001,10.7,10.7,73.3,502.8,0,0,0,0.14769607843137256
CC14,2022,Cima Corgo,135,41.158,-7.363,88,55,30,44.2,34.2195652173913,15,2652.6000000000004,0,0,2.2,768.1,59.2,265,38,1,1.596666666666667,1.2614285714285711,436.0,580.4,10.6,9.0,52.7,432.2000000000001,1,0,0,0.9826086956521738
CC14,2023,Cima Corgo,135,41.158,-7.363,81,24,5,42.7,31.72608695652174,7,2542.5,0,0,0.6,751.3,92.3,269,72,1,1.2,1.062857142857143,364.7000000000001,462.1,9.0,9.0,99.0,626.9000000000001,1,0,1,1.0
CC14,2024,Cima Corgo,135,41.158,-7.363,73,28,7,42.3,32.30978260869565,10,2319.1,0,0,2.7,796.0999999999999,88.0,261,48,1,1.2333333333333334,0.9514285714285714,360.7000000000001,466.1,10.6,9.0,89.4,488.30000000000007,1,0,0,1.0
DS01,1995,Douro Superior,165,41.0845,-7.151,51,8,1,41.4,29.78369565217391,3,2128.7,0,0,1.4,592.3000000000001,68.3,277,40,0,1.6900000000000002,1.2857142857142858,426.80000000000007,626.0000000000001,9.2,8.0,73.8,309.90000000000003,0,0,0,0.09561188811188812
DS01,1996,Douro Superior,165,41.0845,-7.151,45,13,0,36.7,29.540217391304346,9,1908.5,1,0,-0.5,722.8,41.8,251,29,0,1.7433333333333334,1.202857142857143,450.4,548.8000000000001,11.4,8.4,54.5,310.5,0,0,0,0.10375668449197861
DS01,1997,Douro Superior,165,41.0845,-7.151,41,7,0,36.8,27.097826086956523,4,2020.4,0,0,5.3,764.5,129.8,262,49,0,1.3633333333333333,1.1542857142857144,289.8,411.1,10.2,8.8,154.3,580.1,0,0,0,0.817651430694909
DS01,1998,Douro Superior,165,41.0845,-7.151,62,18,5,39.3,30.6445652173913,7,1969.6,0,0,0.9,499.9,54.4,287,34,0,1.8533333333333335,1.207142857142857,420.4,438.9,13.6,13.6,65.1,520.8,1,0,0,0.08325358851674641
DS01,1999,Douro Superior,165,41.0845,-7.151,60,9,1,38.3,29.773913043478263,4,1927.9,0,0,1.5,548.0,59.2,279,29,0,1.6966666666666663,1.1657142857142857,428.1,452.9,12.6,12.6,66.7,662.2,0,0,0,0.010526315789473684
DS01,2000,Douro Superior,165,41.0845,-7.151,52,14,0,36.9,29.22934782608696,3,1880.7,0,0,1.5,673.3,27.8,264,47,0,1.68,1.16,443.4000000000001,521.1,13.8,11.3,31.1,523.9000000000001,0,0,0,0.15500168601830455
DS01,2001,Douro Superior,165,41.0845,-7.151,60,13,2,38.2,29.59891304347826,3,1997.1,0,0,3.3,672.5,53.5,278,32,0,1.656666666666667,1.2228571428571429,441.6,580.6,9.6,8.4,57.6,403.0,0,0,0,0.0
DS01,2002,Douro Superior,165,41.0845,-7.151,44,8,0,36.2,29.298913043478265,3,1869.3,1,0,-0.1,698.1,40.5,261,21,0,1.5833333333333333,1.0885714285714287,432.9,505.3,10.7,10.7,59.900000000000006,528.4000000000001,0,0,0,0.05177740012913162
DS01,2003,Douro Superior,165,41.0845,-7.151,64,23,11,39.9,30.797826086956523,15,2120.3,0,0,3.6,677.9,50.9,278,30,0,1.78,1.2899999999999998,422.3,586.8,11.3,9.6,74.0,552.3,1,0,0,0.17343352883675464
DS01,2004,Douro Superior,165,41.0845,-7.151,65,8,0,37.6,30.2,3,2037.7,1,1,-2.2,369.3,42.8,307,32,0,1.72,1.2614285714285711,443.2000000000001,579.4000000000001,10.7,9.2,61.0,436.0,0,0,0,0.08325358851674641
DS01,2005,Douro Superior,165,41.0845,-7.151,80,26,2,39.5,32.213043478260865,4,2263.4,7,2,-2.9,437.1,12.9,302,45,1,2.186666666666667,1.4985714285714284,543.1,736.7,10.3,8.9,22.8,466.6,0,0,0,0.9833333333333332
DS01,2006,Douro Superior,165,41.0845,-7.151,75,16,2,39.2,31.07717391304348,6,2270.2000000000003,2,0,-0.8,638.5,58.0,274,27,0,1.95,1.3914285714285717,462.5,597.3000000000001,10.8,10.3,64.9,567.2,0,0,0,0.09561188811188812
DS01,2007,Douro Superior,165,41.0845,-7.151,35,7,1,39.9,27.73695652173913,4,1867.5,0,0,1.0,404.3,68.4,291,46,0,1.4900000000000002,1.1585714285714288,379.4,477.5,12.1,8.8,96.3,389.1,0,0,0,0.10851511391833972
DS01,2008,Douro Superior,165,41.0845,-7.151,38,7,1,39.0,29.02717391304348,3,1819.1,0,0,0.4,446.0,17.1,277,33,0,1.616666666666667,1.1514285714285717,434.6,489.50000000000006,13.7,11.3,26.3,412.9,0,0,0,0.0
DS01,2009,Douro Superior,165,41.0845,-7.151,60,12,0,36.4,30.03695652173913,7,2104.3,0,0,2.2,548.5999999999999,32.400000000000006,285,45,0,1.7266666666666666,1.35,464.2000000000001,730.7,8.8,7.800000000000001,39.599999999999994,268.9,0,0,0,0.16059930423782415
DS01,2010,Douro Superior,165,41.0845,-7.151,73,18,2,38.3,30.98586956521739,5,2094.7,1,0,-0.4,722.6,47.2,267,31,0,1.9233333333333331,1.3428571428571427,453.5,590.5,11.3,9.6,63.50000000000001,454.7000000000001,0,0,0,0.10375668449197861
DS01,2011,Douro Superior,165,41.0845,-7.151,53,8,1,39.2,29.25869565217392,3,2220.5,0,0,0.2,496.5,29.000000000000004,284,36,0,1.63,1.3285714285714287,465.6,608.9,10.8,9.3,38.8,329.0,0,0,0,0.0
DS01,2012,Douro Superior,165,41.0845,-7.151,57,16,4,39.4,29.447826086956525,4,1953.1,0,0,1.6,448.0,25.5,290,35,0,1.7166666666666668,1.258571428571429,461.6,578.1,11.2,9.5,36.900000000000006,424.2000000000001,0,0,0,0.0
DS01,2013,Douro Superior,165,41.0845,-7.151,66,18,5,39.3,30.8,10,2056.3,0,0,0.3,630.0999999999999,13.0,275,46,0,1.95,1.3414285714285714,506.9,616.3000000000001,11.2,9.6,18.5,424.6,1,0,0,0.22718325791855204
DS01,2014,Douro Superior,165,41.0845,-7.151,41,6,0,37.6,28.88586956521739,2,2061.4,0,0,1.5,681.9,28.3,260,33,0,1.6000000000000003,1.2128571428571429,450.30000000000007,505.2000000000001,11.3,9.6,39.3,436.4,0,0,0,0.010526315789473684
DS01,2015,Douro Superior,165,41.0845,-7.151,69,17,2,40.0,31.241304347826084,4,2205.2,0,0,2.7,405.5,41.5,299,33,0,1.8966666666666667,1.3814285714285712,460.50000000000006,644.0,9.9,8.6,59.2,468.0,0,0,0,0.0907535885167464
DS01,2016,Douro Superior,165,41.0845,-7.151,74,29,5,38.1,31.442391304347822,6,2152.9,0,0,0.8,707.9000000000001,32.4,266,47,1,1.98,1.3557142857142856,456.80000000000007,545.5000000000001,13.8,11.3,33.3,512.7,1,0,0,0.9554285714285715
DS01,2017,Douro Superior,165,41.0845,-7.151,78,24,5,40.4,31.65108695652174,8,2394.3,0,0,0.7,383.4,41.8,302,50,1,1.9633333333333332,1.56,491.0,799.4000000000001,9.6,7.4,47.9,139.8,1,0,1,0.9833333333333332
DS01,2018,Douro Superior,165,41.0845,-7.151,80,14,5,41.7,30.18152173913043,6,2141.5,0,0,0.0,656.0,88.7,261,58,1,1.5833333333333333,1.2542857142857144,370.2,514.0,11.3,8.4,102.20000000000002,374.2999999999999,1,0,1,0.9673333333333334
DS01,2019,Douro Superior,165,41.0845,-7.151,64,12,2,39.7,29.87608695652174,4,2076.6000000000004,0,0,2.6,557.9000000000001,63.7,279,27,0,1.66,1.3014285714285714,408.30000000000007,619.2,11.3,9.6,73.7,341.7,0,0,0,0.0
DS01,2020,Douro Superior,165,41.0845,-7.151,77,36,4,39.5,31.49673913043478,10,2205.6,0,0,3.0,597.0,28.0,286,56,1,1.98,1.417142857142857,489.4000000000001,593.2,11.3,9.6,33.3,470.2000000000001,0,0,1,0.9833333333333332
DS01,2021,Douro Superior,165,41.0845,-7.151,64,16,3,40.0,30.766304347826093,5,2089.0999999999995,0,0,1.7,518.5,43.9,288,29,0,1.7533333333333332,1.2671428571428571,438.9,525.5,11.0,11.0,69.7,475.4,0,0,0,0.07565274816521671
DS01,2022,Douro Superior,165,41.0845,-7.151,85,51,25,43.9,33.7304347826087,15,2499.7,0,0,1.0,597.3,42.6,274,54,1,2.223333333333333,1.6114285714285717,503.6,682.5000000000001,11.2,9.5,41.0,377.6,1,0,1,1.0
DS01,2023,Douro Superior,165,41.0845,-7.151,79,23,6,41.8,31.668478260869566,7,2375.5,3,0,-1.3,639.3,53.8,279,72,1,1.7466666666666668,1.38,432.8,548.0,9.5,9.5,81.5,566.7,1,0,1,1.0
DS01,2024,Douro Superior,165,41.0845,-7.151,69,26,7,41.6,32.172826086956526,7,2184.5,0,0,2.1,715.3999999999999,69.0,273,53,1,1.78,1.247142857142857,410.80000000000007,560.6,11.2,9.5,92.4,449.4,1,0,1,1.0
DS02,1995,Douro Superior,450,41.065,-7.1285,41,3,1,40.5,29.04891304347826,2,1971.5,1,0,-0.1,592.3000000000001,68.3,277,40,0,1.6966666666666663,1.2828571428571427,432.00000000000006,643.1000000000001,8.8,7.7,74.80000000000001,303.6,0,0,0,0.10851511391833972
DS02,1996,Douro Superior,450,41.065,-7.1285,41,6,0,36.0,28.775,4,1752.8,4,0,-0.8,722.8,41.8,251,29,0,1.7533333333333332,1.1985714285714284,459.8,566.2000000000002,10.9,8.1,52.7,306.5,0,0,0,0.10375668449197861
DS02,1997,Douro Superior,450,41.065,-7.1285,34,3,0,35.8,26.295652173913048,3,1859.0,0,0,4.3,764.5,129.8,262,49,0,1.3833333333333335,1.1542857142857144,299.6,423.9,9.6,8.4,152.0,570.6,0,0,0,0.8064713064713065
DS02,1998,Douro Superior,450,41.065,-7.1285,59,13,4,38.6,29.870652173913047,6,1820.0,0,0,0.3,499.9,54.4,287,34,0,1.856666666666667,1.2042857142857144,426.5,444.5,13.3,13.3,66.2,519.2,0,0,0,0.09561188811188812
DS02,1999,Douro Superior,450,41.065,-7.1285,49,5,0,37.6,29.01304347826086,2,1774.2999999999995,0,0,0.5,548.0,59.2,279,29,0,1.7066666666666668,1.1685714285714286,444.5,471.7,11.8,11.8,64.4,643.2,0,0,0,0.010526315789473684
DS02,2000,Douro Superior,450,41.065,-7.1285,44,6,0,36.1,28.472826086956523,2,1734.8,0,0,0.9,673.3,27.8,264,47,0,1.6933333333333334,1.162857142857143,457.1,540.3000000000001,13.4,11.0,30.90000000000001,516.5000000000001,0,0,0,0.10851511391833972
DS02,2001,Douro Superior,450,41.065,-7.1285,50,7,0,37.5,28.89565217391305,3,1850.6000000000004,0,0,2.8,672.5,53.5,278,32,0,1.6666666666666667,1.2214285714285715,451.1,597.8000000000001,9.4,8.200000000000001,55.8,390.80000000000007,0,0,0,0.039097744360902256
DS02,2002,Douro Superior,450,41.065,-7.1285,34,2,0,35.4,28.55978260869565,1,1722.3000000000002,1,0,-0.7,698.1,40.5,261,21,0,1.5933333333333335,1.09,440.4,514.4000000000001,10.4,10.4,59.400000000000006,514.1,0,0,0,0.010526315789473684
DS02,2003,Douro Superior,450,41.065,-7.1285,57,21,5,39.1,30.0858695652174,15,1975.6,0,0,2.8,677.9,50.9,278,30,1,1.7933333333333332,1.2914285714285714,432.7000000000001,602.9,11.0,9.4,70.7,540.9000000000001,1,0,0,0.20843127225345773
DS02,2004,Douro Superior,450,41.065,-7.1285,55,6,0,36.8,29.43369565217392,3,1885.2000000000005,1,1,-3.3,369.3,42.8,307,32,0,1.736666666666667,1.2642857142857145,457.30000000000007,598.0,10.3,8.9,57.2,424.1,0,0,0,0.09561188811188812
DS02,2005,Douro Superior,450,41.065,-7.1285,68,16,1,38.7,31.52173913043477,3,2114.5,9,3,-3.6,437.1,12.9,302,45,1,2.193333333333334,1.4957142857142856,553.9000000000001,757.8000000000001,9.7,8.4,21.9,454.7000000000001,0,1,0,0.9826086956521738
DS02,2006,Douro Superior,450,41.065,-7.1285,70,13,1,38.3,30.36304347826088,5,2118.4,2,0,-1.9,638.5,58.0,274,27,0,1.9533333333333331,1.3828571428571428,470.30000000000007,613.6,10.4,8.9,66.2,552.2,0,0,0,0.10375668449197861
DS02,2007,Douro Superior,450,41.065,-7.1285,25,5,1,39.1,26.94130434782608,3,1711.0000000000002,1,0,-0.1,404.3,68.4,291,46,0,1.5,1.1542857142857144,389.7000000000001,493.4,11.6,8.5,94.2,386.50000000000006,0,0,0,0.10851511391833972
DS02,2008,Douro Superior,450,41.065,-7.1285,32,4,1,38.2,28.26304347826087,2,1670.0,2,0,-0.3,446.0,17.1,277,33,0,1.6266666666666667,1.15,445.1,504.3,13.3,10.9,25.5,410.30000000000007,0,0,0,0.010526315789473684
DS02,2009,Douro Superior,450,41.065,-7.1285,52,3,0,35.7,29.33260869565217,1,1955.8,0,0,1.5,548.5999999999999,32.400000000000006,285,45,0,1.7366666666666666,1.3442857142857143,473.4,745.6000000000001,8.4,7.4,38.5,262.40000000000003,0,0,0,0.12418331668331668
DS02,2010,Douro Superior,450,41.065,-7.1285,64,11,0,37.4,30.17934782608696,3,1932.6,4,0,-1.3,722.6,47.2,267,31,0,1.9366666666666668,1.3414285714285714,461.6,601.7,11.0,9.4,63.0,448.80000000000007,0,0,0,0.10375668449197861
DS02,2011,Douro Superior,450,41.065,-7.1285,38,7,1,38.4,28.470652173913045,2,2065.6,2,0,-1.1,496.5,29.000000000000004,284,36,0,1.64,1.3228571428571432,474.1,621.0,10.4,8.9,38.900000000000006,325.5,0,0,0,0.010526315789473684
DS02,2012,Douro Superior,450,41.065,-7.1285,43,12,3,38.7,28.757608695652173,3,1818.6,0,0,0.8,448.0,25.5,290,35,0,1.7266666666666668,1.258571428571429,471.1,590.9000000000001,10.9,9.3,36.2,418.80000000000007,0,0,0,0.010526315789473684
DS02,2013,Douro Superior,450,41.065,-7.1285,57,16,4,38.4,30.007608695652177,9,1903.9,3,0,-0.6,630.0999999999999,13.0,275,46,0,1.95,1.3342857142857143,515.7,629.8000000000001,10.9,9.3,18.7,419.2000000000001,0,0,0,0.5350700280112044
DS02,2014,Douro Superior,450,41.065,-7.1285,34,3,0,36.9,28.109782608695657,2,1909.3,0,0,0.7,681.9,28.3,260,33,0,1.6133333333333333,1.2142857142857142,461.1,524.8000000000001,11.0,9.4,38.0,425.2,0,0,0,0.010526315789473684
DS02,2015,Douro Superior,450,41.065,-7.1285,62,10,1,39.2,30.4641304347826,3,2044.6,0,0,1.2,405.5,41.5,299,33,0,1.903333333333333,1.3814285714285717,472.6,667.6,9.4,8.200000000000001,58.10000000000001,456.2000000000001,0,0,0,0.07288461538461538
DS02,2016,Douro Superior,450,41.065,-7.1285,68,19,1,37.3,30.657608695652176,5,2008.0,2,0,-0.1,707.9000000000001,32.4,266,47,0,1.9833333333333332,1.3528571428571428,464.4,558.2,13.4,11.0,33.60000000000001,506.9,0,0,0,0.6737009189640769
DS02,2017,Douro Superior,450,41.065,-7.1285,78,24,5,40.3,31.615217391304352,8,2280.0999999999995,1,0,-0.5,387.7,35.8,300,50,1,1.9733333333333336,1.5557142857142858,499.5,819.6999999999999,9.4,7.2,48.3,137.8,1,0,1,0.9833333333333332
DS02,2018,Douro Superior,450,41.065,-7.1285,79,13,5,41.9,30.01739130434783,6,2031.9,2,0,-0.8,675.9,77.5,272,100,1,1.59,1.2457142857142858,377.2000000000001,528.1,11.0,8.200000000000001,101.6,373.0,1,0,1,0.984
DS02,2019,Douro Superior,450,41.065,-7.1285,60,10,1,39.0,29.63913043478261,4,1964.9000000000003,0,0,0.8,562.7,66.9,283,27,0,1.6666666666666667,1.2957142857142858,417.6,632.5000000000001,11.0,9.4,74.0,341.80000000000007,0,0,0,0.010526315789473684
DS02,2020,Douro Superior,450,41.065,-7.1285,75,35,4,39.4,31.301086956521743,10,2095.3,0,0,2.0,601.3,20.200000000000003,287,77,1,1.9866666666666664,1.41,499.6,608.4000000000001,11.0,9.4,32.800000000000004,463.9,0,0,1,0.9673333333333334
DS02,2021,Douro Superior,450,41.065,-7.1285,64,17,3,40.0,30.69347826086956,5,1990.8,0,0,0.8,515.8,44.7,294,56,1,1.7566666666666666,1.2614285714285718,444.6,533.8,10.7,10.7,71.80000000000001,473.1000000000001,0,0,1,0.8746031746031747
DS02,2022,Douro Superior,450,41.065,-7.1285,85,48,22,43.8,33.59891304347826,14,2406.5,0,0,0.4,628.8,29.5,277,38,1,2.23,1.6028571428571428,511.6,697.2,10.9,9.3,40.60000000000001,368.1,1,0,0,0.9673333333333334
DS02,2023,Douro Superior,450,41.065,-7.1285,74,23,6,41.5,31.539130434782606,7,2253.5,4,2,-3.2,706.4000000000001,52.2,277,72,1,1.7666666666666666,1.3814285714285717,444.0,562.8,9.2,9.2,80.30000000000001,556.5,1,0,1,1.0
DS02,2024,Douro Superior,450,41.065,-7.1285,68,24,5,40.8,31.840217391304343,7,2059.5999999999995,0,0,1.0,750.9000000000001,69.30000000000001,271,67,1,1.7833333333333332,1.2442857142857144,414.0,575.1,10.8,9.2,96.0,440.5,1,0,1,1.0
DS03,1995,Douro Superior,215,41.1905,-7.0785,45,4,1,40.1,29.38804347826087,2,2072.6000000000004,0,0,0.8,683.0,76.0,273,34,0,1.4966666666666668,1.1685714285714286,402.4,579.8,10.1,8.9,80.60000000000001,322.7,0,0,0,0.010526315789473684
DS03,1996,Douro Superior,215,41.1905,-7.0785,43,10,0,36.4,29.1054347826087,9,1864.7,1,0,-0.3,764.2,45.9,254,23,0,1.59,1.11,426.1,512.6,13.2,10.0,56.900000000000006,319.0,0,0,0,0.0939326375711575
DS03,1997,Douro Superior,215,41.1905,-7.0785,36,3,0,35.7,26.62282608695653,3,1969.4,0,0,5.2,832.0,153.60000000000002,265,67,1,1.1900000000000002,1.05,253.4,366.50000000000006,12.2,10.4,167.70000000000002,602.0,0,0,1,0.9381642512077295
DS03,1998,Douro Superior,215,41.1905,-7.0785,59,15,4,38.8,30.179347826086943,7,1927.5,0,0,0.8,501.0,52.3,286,29,0,1.68,1.1028571428571428,398.4,415.9,14.9,14.9,66.6,521.3,0,0,0,0.06802631578947368
DS03,1999,Douro Superior,215,41.1905,-7.0785,53,6,0,37.5,29.27173913043478,4,1882.1,0,0,1.0,628.2,67.8,270,36,0,1.5266666666666666,1.0585714285714285,397.9,417.4,14.4,14.4,72.80000000000001,689.1,0,0,0,0.06065769158559202
DS03,2000,Douro Superior,215,41.1905,-7.0785,46,8,0,36.2,28.697826086956525,2,1836.7,0,0,1.6,760.1,32.8,264,47,0,1.4933333333333334,1.05,408.80000000000007,477.9000000000001,15.0,12.4,33.9,543.7,0,0,0,0.21804239877769288
DS03,2001,Douro Superior,215,41.1905,-7.0785,56,8,0,37.7,29.18478260869565,3,1958.4,0,0,3.2,739.3,64.3,274,45,0,1.5,1.1242857142857143,418.3,542.7,10.9,9.4,64.8,417.0,0,0,0,0.14176573426573427
DS03,2002,Douro Superior,215,41.1905,-7.0785,39,3,0,35.7,28.9108695652174,1,1835.2,1,0,-0.1,758.8,42.6,261,21,0,1.4,0.9828571428571428,410.2000000000001,473.9,11.7,11.7,60.7,539.3000000000001,0,0,0,0.039097744360902256
DS03,2003,Douro Superior,215,41.1905,-7.0785,59,22,5,39.2,30.34347826086957,15,2082.6000000000004,0,0,3.4,721.7,62.90000000000001,273,29,0,1.6000000000000003,1.1871428571428573,398.3,551.5,12.4,10.5,80.4,561.7,1,0,0,0.13232811306340717
DS03,2004,Douro Superior,215,41.1905,-7.0785,61,6,0,37.0,29.76086956521739,3,1991.8,1,1,-2.2,420.1,50.8,306,53,0,1.5466666666666666,1.1528571428571428,420.5,545.2,11.8,10.1,66.7,452.4,0,0,0,0.8746031746031747
DS03,2005,Douro Superior,215,41.1905,-7.0785,75,23,1,39.1,31.92391304347825,4,2228.7000000000007,8,2,-2.7,452.2000000000001,16.799999999999997,300,45,1,2.0033333333333334,1.3928571428571428,525.4000000000001,704.9000000000001,11.4,9.8,24.5,471.1,0,0,0,0.9826086956521738
DS03,2006,Douro Superior,215,41.1905,-7.0785,74,15,2,38.5,30.74891304347826,6,2228.2,1,0,-1.0,689.5,48.3,272,28,0,1.7733333333333334,1.2785714285714285,449.5,571.6,11.9,11.9,62.400000000000006,567.3000000000001,0,0,0,0.10851511391833972
DS03,2007,Douro Superior,215,41.1905,-7.0785,29,5,1,39.0,27.24891304347826,3,1817.6,0,0,0.4,450.2000000000001,79.30000000000001,292,45,0,1.3133333333333332,1.0485714285714287,342.20000000000005,423.7999999999999,14.0,10.0,103.1,407.7000000000001,0,0,0,0.12418331668331668
DS03,2008,Douro Superior,215,41.1905,-7.0785,35,5,1,38.4,28.575,3,1779.1,0,0,0.7,482.1,21.2,277,33,0,1.4466666666666663,1.0485714285714287,407.1,453.3,15.0,12.3,29.2,419.7,0,0,0,0.0
DS03,2009,Douro Superior,215,41.1905,-7.0785,57,10,0,36.2,29.7358695652174,7,2070.7,0,0,1.7,602.5999999999999,39.5,283,45,0,1.5633333333333337,1.257142857142857,443.0,702.1000000000001,9.7,8.6,43.900000000000006,273.1,0,0,0,0.14991053064582477
DS03,2010,Douro Superior,215,41.1905,-7.0785,67,13,0,37.8,30.51739130434783,5,2043.1,1,0,-0.8,745.5999999999999,53.3,269,54,1,1.7400000000000002,1.2328571428571429,431.00000000000006,557.1,12.3,10.5,68.4,455.2000000000001,0,0,1,0.966608695652174
DS03,2011,Douro Superior,215,41.1905,-7.0785,45,8,1,38.5,28.858695652173907,3,2181.9,2,0,-0.5,510.9,25.0,287,36,0,1.46,1.2257142857142858,448.4,588.2,12.0,10.3,37.4,319.70000000000005,0,0,0,0.023429541595925297
DS03,2012,Douro Superior,215,41.1905,-7.0785,50,12,4,38.7,29.061956521739127,3,1923.2000000000005,0,0,1.3,467.5999999999999,29.300000000000004,288,38,0,1.5466666666666669,1.1542857142857144,442.6,548.9000000000001,12.1,10.3,39.1,429.80000000000007,0,0,0,0.05200097016735387
DS03,2013,Douro Superior,215,41.1905,-7.0785,61,17,4,38.8,30.38695652173914,9,2013.1,0,0,0.1,675.5999999999999,18.0,272,40,0,1.7633333333333334,1.2300000000000002,488.8,586.4,12.3,10.5,20.3,425.50000000000006,0,0,0,0.14991053064582477
DS03,2014,Douro Superior,215,41.1905,-7.0785,36,5,0,37.0,28.467391304347824,2,2023.5,0,0,1.6,757.5,35.5,255,33,0,1.4366666666666668,1.1142857142857143,427.7000000000001,471.2,12.4,10.6,43.60000000000001,449.2999999999999,0,0,0,0.06802631578947368
DS03,2015,Douro Superior,215,41.1905,-7.0785,63,13,1,38.9,30.78695652173913,4,2153.7,0,0,1.9,468.9,53.6,298,38,0,1.71,1.268571428571429,439.5,598.0,11.0,9.5,64.8,491.4000000000001,0,0,0,0.08092954159592529
DS03,2016,Douro Superior,215,41.1905,-7.0785,71,23,1,37.7,31.02934782608696,6,2119.2,0,0,0.2,751.8000000000002,24.700000000000003,261,37,1,1.8066666666666664,1.252857142857143,435.7000000000001,519.0,15.0,12.4,33.3,517.0,0,0,0,0.5644986865396012
DS03,2017,Douro Superior,215,41.1905,-7.0785,78,24,6,39.8,31.74021739130435,7,2342.1,1,0,-0.5,403.2000000000001,42.0,301,50,1,1.7833333333333332,1.452857142857143,470.6,764.9000000000001,10.5,8.1,51.2,144.60000000000002,1,0,0,0.9833333333333332
DS03,2018,Douro Superior,215,41.1905,-7.0785,77,13,5,41.0,29.957608695652173,6,2087.3,3,0,-0.6,720.5,93.8,273,91,1,1.3966666666666665,1.147142857142857,344.50000000000006,478.30000000000007,12.8,9.4,107.1,384.1,1,0,1,1.0
DS03,2019,Douro Superior,215,41.1905,-7.0785,65,12,1,39.2,30.094565217391303,4,2041.6,0,0,0.9,580.5999999999999,69.1,276,27,0,1.4866666666666666,1.195714285714286,387.7999999999999,589.3000000000001,12.3,10.5,77.6,341.4,0,0,0,0.010526315789473684
DS03,2020,Douro Superior,215,41.1905,-7.0785,76,35,2,39.5,31.36630434782608,10,2158.8,0,0,2.5,589.0,30.0,289,64,1,1.8,1.3057142857142858,471.2000000000001,558.5,12.4,10.5,35.300000000000004,482.6,0,0,1,0.966608695652174
DS03,2021,Douro Superior,215,41.1905,-7.0785,68,18,3,40.5,31.02608695652173,6,2070.7,0,0,0.6,513.0999999999999,39.10000000000001,287,29,0,1.5933333333333335,1.17,423.50000000000006,501.6000000000001,12.0,12.0,69.0,479.0,0,0,0,0.085787841191067
DS03,2022,Douro Superior,215,41.1905,-7.0785,89,53,27,44.2,34.08804347826087,15,2475.6000000000004,0,0,0.5,657.4000000000001,45.2,274,38,1,2.06,1.5114285714285718,484.80000000000007,649.0,12.2,10.4,44.2,384.0,1,0,0,0.9673333333333334
DS03,2023,Douro Superior,215,41.1905,-7.0785,80,23,6,41.9,31.88043478260869,7,2350.1000000000004,4,1,-2.9,636.8000000000001,47.2,282,72,1,1.57,1.2671428571428571,416.3,524.4000000000001,10.4,10.4,82.7,569.5,1,0,1,1.0
DS03,2024,Douro Superior,215,41.1905,-7.0785,68,25,6,41.0,31.867391304347827,10,2114.5000000000005,0,0,0.6,733.6999999999999,82.0,270,66,1,1.6033333333333333,1.1414285714285712,393.4,521.5,12.2,10.4,91.7,463.30000000000007,1,0,1,1.0
DS04,1995,Douro Superior,490,41.212,-7.0625,51,7,1,40.5,29.788043478260875,3,2152.2,0,0,1.2,683.0,76.0,273,34,0,1.586666666666667,1.2114285714285715,411.8,588.8000000000001,10.4,9.1,81.39999999999999,326.2,0,0,0,0.05200097016735387
DS04,1996,Douro Superior,490,41.212,-7.0625,44,13,0,36.8,29.50543478260869,9,1946.3,0,0,0.1,764.2,45.9,254,23,0,1.6666666666666667,1.1485714285714288,435.0,526.0,13.7,10.1,57.10000000000001,319.30000000000007,0,0,0,0.11665991029843022
DS04,1997,Douro Superior,490,41.212,-7.0625,40,3,0,36.1,27.02282608695652,3,2051.8,0,0,5.6,832.0,153.60000000000002,265,67,1,1.2733333333333334,1.0914285714285714,262.20000000000005,378.8,12.4,10.6,169.3,603.2,0,0,1,0.8968944099378883
DS04,1998,Douro Superior,490,41.212,-7.0625,63,16,5,39.2,30.57934782608696,7,2004.5,0,0,1.2,501.0,52.3,286,29,0,1.7700000000000002,1.1471428571428572,409.6,428.6,15.3,15.3,65.10000000000001,518.8,1,0,0,0.06802631578947368
DS04,1999,Douro Superior,490,41.212,-7.0625,57,8,0,37.9,29.671739130434784,4,1963.0,0,0,1.4,628.2,67.8,270,36,0,1.6133333333333333,1.104285714285714,404.9,424.2000000000001,14.8,14.8,74.30000000000001,691.1,0,0,0,0.06802631578947368
DS04,2000,Douro Superior,490,41.212,-7.0625,50,11,0,36.6,29.097826086956523,2,1916.0,0,0,2.0,760.1,32.8,264,47,0,1.5633333333333337,1.0814285714285714,417.0,488.7,15.4,12.7,34.6,552.1,0,0,0,0.21804239877769288
DS04,2001,Douro Superior,490,41.212,-7.0625,60,12,1,38.1,29.58478260869565,3,2038.4,0,0,3.6,739.3,64.3,274,45,0,1.5766666666666669,1.162857142857143,426.5,552.1,11.4,9.8,66.4,418.2999999999999,0,0,0,0.14176573426573427
DS04,2002,Douro Superior,490,41.212,-7.0625,42,8,0,36.1,29.310869565217395,3,1915.0,0,0,0.3,758.8,42.6,261,21,0,1.4733333333333334,1.0214285714285714,422.5,487.80000000000007,12.0,12.0,58.900000000000006,538.1,0,0,0,0.08092954159592529
DS04,2003,Douro Superior,490,41.212,-7.0625,64,22,10,39.6,30.743478260869573,15,2164.0,0,0,3.8,721.7,62.90000000000001,273,29,0,1.6866666666666663,1.2285714285714284,406.00000000000006,563.4000000000001,12.7,10.8,82.4,559.5,1,0,0,0.13232811306340717
DS04,2004,Douro Superior,490,41.212,-7.0625,66,8,0,37.4,30.1608695652174,3,2069.9999999999995,1,0,-1.8,420.1,50.8,306,53,1,1.6233333333333333,1.1914285714285715,428.6,558.1000000000001,12.1,10.4,68.80000000000001,451.8,0,0,1,0.8746031746031747
DS04,2005,Douro Superior,490,41.212,-7.0625,79,26,2,39.5,32.32391304347825,5,2309.1,8,1,-2.3,452.2000000000001,16.799999999999997,300,45,1,2.0866666666666664,1.4314285714285713,536.9,719.6,11.6,10.0,24.700000000000003,464.7,0,0,0,0.9833333333333332
DS04,2006,Douro Superior,490,41.212,-7.0625,74,16,2,38.9,31.14891304347826,6,2310.0,1,0,-0.6,689.5,48.3,272,28,0,1.856666666666667,1.32,461.2000000000001,582.9000000000001,12.2,12.2,61.30000000000001,563.5,0,0,0,0.11665991029843022
DS04,2007,Douro Superior,490,41.212,-7.0625,33,6,1,39.4,27.648913043478263,3,1897.7,0,0,0.8,450.2000000000001,79.30000000000001,292,45,0,1.3833333333333335,1.0842857142857143,350.5,441.1,14.3,10.2,103.5,407.7,0,0,0,0.12418331668331668
DS04,2008,Douro Superior,490,41.212,-7.0625,39,5,1,38.8,28.975,3,1860.0,0,0,1.1,482.1,21.2,277,33,0,1.5266666666666666,1.09,414.7000000000001,465.00000000000006,15.4,12.1,30.3,421.00000000000006,0,0,0,0.0
DS04,2009,Douro Superior,490,41.212,-7.0625,62,14,0,36.6,30.135869565217387,8,2150.4,0,0,2.1,602.5999999999999,39.5,283,45,0,1.643333333333333,1.294285714285714,451.7000000000001,715.3000000000001,10.0,8.8,45.9,273.50000000000006,0,0,0,0.21804239877769288
DS04,2010,Douro Superior,490,41.212,-7.0625,73,15,1,38.2,30.91739130434783,5,2123.8,1,0,-0.4,745.5999999999999,53.3,269,54,1,1.8133333333333332,1.27,439.7000000000001,569.8000000000001,12.6,10.7,69.5,451.8,0,0,1,0.966608695652174
DS04,2011,Douro Superior,490,41.212,-7.0625,57,8,1,38.9,29.25869565217392,3,2264.3,2,0,-0.1,510.9,25.0,287,36,0,1.5433333333333332,1.2642857142857142,460.2000000000001,605.2,12.4,10.6,36.1,315.80000000000007,0,0,0,0.023429541595925297
DS04,2012,Douro Superior,490,41.212,-7.0625,58,14,4,39.1,29.46195652173913,4,1999.6,0,0,1.7,467.5999999999999,29.300000000000004,288,38,0,1.6233333333333333,1.1942857142857142,451.3,561.7,12.4,10.6,39.50000000000001,428.80000000000007,0,0,0,0.08909774436090226
DS04,2013,Douro Superior,490,41.212,-7.0625,65,18,5,39.2,30.78695652173912,10,2092.2,0,0,0.5,675.5999999999999,18.0,272,40,0,1.8466666666666665,1.2671428571428571,499.30000000000007,599.0,12.6,10.7,20.3,419.5,1,0,0,0.14991053064582477
DS04,2014,Douro Superior,490,41.212,-7.0625,45,6,0,37.4,28.867391304347823,2,2105.3,0,0,2.0,757.5,35.5,255,33,0,1.5066666666666668,1.1485714285714284,435.9,481.2999999999999,12.7,10.8,45.2,452.5,0,0,0,0.06802631578947368
DS04,2015,Douro Superior,490,41.212,-7.0625,70,16,2,39.3,31.186956521739138,4,2236.0,0,0,2.3,468.9,53.6,298,38,0,1.8,1.31,447.7000000000001,603.7,11.3,9.8,66.1,491.4,0,0,0,0.14176573426573427
DS04,2016,Douro Superior,490,41.212,-7.0625,74,28,3,38.1,31.42934782608696,6,2198.2000000000003,0,0,0.6,751.8000000000002,24.700000000000003,261,37,1,1.893333333333333,1.2957142857142858,445.5,530.7,15.4,12.7,33.1,521.5999999999999,0,0,0,0.8064713064713065
DS04,2017,Douro Superior,490,41.212,-7.0625,82,26,7,40.6,32.05434782608697,7,2451.3,0,0,0.6,406.9,45.2,296,28,1,1.866666666666667,1.4885714285714289,482.1,780.4000000000001,10.8,8.3,50.7,145.60000000000002,1,0,0,0.8746031746031747
DS04,2018,Douro Superior,490,41.212,-7.0625,81,14,5,41.7,30.27717391304348,6,2196.8,0,0,0.5,685.0999999999999,95.6,265,91,1,1.4799999999999998,1.19,353.30000000000007,493.6,13.1,9.6,108.0,384.7,1,0,1,1.0
DS04,2019,Douro Superior,490,41.212,-7.0625,65,14,1,39.4,30.088043478260865,4,2129.0,0,0,1.4,592.7,72.39999999999999,273,27,0,1.5733333333333333,1.2414285714285715,397.80000000000007,604.8000000000001,12.6,10.7,77.1,335.09999999999997,0,0,0,0.023429541595925297
DS04,2020,Douro Superior,490,41.212,-7.0625,79,36,6,40.3,31.673913043478265,10,2271.8,0,0,3.7,610.5,36.6,285,64,1,1.8866666666666667,1.35,481.80000000000007,572.4,12.7,10.8,35.5,482.0,1,0,1,0.9833333333333332
DS04,2021,Douro Superior,490,41.212,-7.0625,67,18,3,39.9,31.126086956521743,5,2170.2000000000003,0,0,1.2,523.1999999999999,40.7,284,29,0,1.6766666666666663,1.2100000000000002,435.1,513.4000000000001,12.3,12.3,67.0,473.50000000000006,0,0,0,0.07288461538461538
DS04,2022,Douro Superior,490,41.212,-7.0625,88,51,29,44.2,34.038043478260875,15,2548.8,0,0,1.6,664.8,49.10000000000001,274,38,1,2.1566666666666667,1.5614285714285714,495.7000000000001,662.5,12.6,10.7,45.1,383.80000000000007,1,0,0,0.966608695652174
DS04,2023,Douro Superior,490,41.212,-7.0625,81,23,6,42.1,31.921739130434784,7,2421.0,3,1,-2.2,638.0999999999999,75.0,272,73,1,1.65,1.3028571428571427,425.3,539.2,10.7,10.7,84.0,564.4000000000001,1,0,1,1.0
DS04,2024,Douro Superior,490,41.212,-7.0625,69,23,6,40.7,31.80760869565217,7,2174.1000000000004,0,0,0.7,712.0999999999999,64.5,268,51,1,1.6900000000000002,1.182857142857143,406.1,531.9000000000001,12.6,10.7,88.60000000000001,463.4,1,0,0,1.0
DS06,1995,Douro Superior,380,41.0785,-6.842,36,3,1,39.7,28.661956521739125,2,1875.1,2,0,-1.3,543.2,64.0,284,29,0,1.4633333333333336,1.1142857142857143,424.80000000000007,638.6,9.0,7.2,73.89999999999999,272.6,0,0,0,0.10851511391833972
DS06,1996,Douro Superior,380,41.0785,-6.842,36,1,0,35.9,28.27717391304347,1,1661.4999999999998,6,0,-1.2,691.4,34.400000000000006,248,22,0,1.5266666666666666,1.0471428571428572,454.7,552.7,12.0,8.700000000000001,44.900000000000006,303.4,0,0,0,0.085787841191067
DS06,1997,Douro Superior,380,41.0785,-6.842,29,0,0,34.5,25.742391304347827,0,1755.5000000000002,0,0,3.6,744.0,133.29999999999998,267,66,1,1.143333333333333,0.9857142857142857,281.9,400.5,10.5,9.1,152.60000000000002,545.4000000000001,0,0,1,0.926984126984127
DS06,1998,Douro Superior,380,41.0785,-6.842,51,10,1,38.1,29.367391304347823,6,1726.1,1,0,-0.3,467.0,56.3,285,41,0,1.6233333333333333,1.0514285714285714,409.6,431.0,13.6,13.6,69.5,487.1,0,0,0,0.13232811306340717
DS06,1999,Douro Superior,380,41.0785,-6.842,42,3,0,37.1,28.594565217391303,1,1707.8000000000002,2,0,-0.8,539.5999999999999,50.8,279,32,0,1.4833333333333334,1.0157142857142856,434.6,459.3,12.2,12.2,60.1,614.1,0,0,0,0.010526315789473684
DS06,2000,Douro Superior,380,41.0785,-6.842,38,4,0,35.4,28.01521739130436,1,1665.4,2,0,-0.3,617.3,22.6,266,47,0,1.4833333333333334,1.0214285714285714,452.4,536.3,13.6,11.1,27.500000000000004,477.9000000000001,0,0,0,0.14991053064582477
DS06,2001,Douro Superior,380,41.0785,-6.842,45,7,0,37.5,28.56847826086957,3,1783.0999999999997,0,0,2.2,578.9000000000001,44.1,280,45,0,1.4866666666666666,1.0914285714285714,451.7000000000001,619.7,9.5,8.3,49.8,354.8,0,0,0,0.11932501708817497
DS06,2002,Douro Superior,380,41.0785,-6.842,31,0,0,34.9,28.166304347826088,0,1646.4,0,0,0.4,638.0999999999999,45.9,262,31,0,1.3866666666666667,0.9471428571428572,429.9,492.8,10.5,10.5,60.400000000000006,475.9000000000001,0,0,0,0.010526315789473684
DS06,2003,Douro Superior,380,41.0785,-6.842,52,19,3,38.6,29.711956521739136,15,1901.1,0,0,1.2,639.5,46.6,275,29,1,1.596666666666667,1.157142857142857,433.4,597.1999999999999,11.2,9.5,66.2,512.5,0,0,0,0.13866080156402738
DS06,2004,Douro Superior,380,41.0785,-6.842,41,5,0,36.4,28.946739130434786,3,1796.4,3,1,-2.9,377.0,34.1,297,37,0,1.5233333333333334,1.1114285714285717,454.6,586.2,10.6,9.1,51.6,409.6,0,0,0,0.11665991029843022
DS06,2005,Douro Superior,380,41.0785,-6.842,65,14,1,38.5,31.192391304347822,3,2038.8,10,6,-3.9,407.9000000000001,13.1,306,48,1,1.95,1.3357142857142856,553.0,761.2,9.4,8.200000000000001,20.6,434.5,0,1,0,0.966608695652174
DS06,2006,Douro Superior,380,41.0785,-6.842,65,9,0,37.3,29.936956521739127,4,2023.9,1,1,-2.5,580.2,45.5,278,28,0,1.7100000000000002,1.2257142857142858,474.7000000000001,622.8,10.3,8.8,55.900000000000006,483.80000000000007,0,0,0,0.09561188811188812
DS06,2007,Douro Superior,380,41.0785,-6.842,21,3,1,38.2,26.38369565217391,1,1602.1,2,0,-0.9,421.2,72.8,296,46,0,1.2733333333333332,0.9871428571428572,366.30000000000007,454.6,12.6,9.0,95.70000000000002,404.5,0,0,0,0.10365681432319802
DS06,2008,Douro Superior,380,41.0785,-6.842,29,3,0,37.2,27.74782608695652,2,1583.9,3,0,-1.4,437.2,15.6,286,33,0,1.4066666666666665,1.002857142857143,430.9,498.50000000000006,13.6,11.2,24.0,393.8,0,0,0,0.060526315789473685
DS06,2009,Douro Superior,380,41.0785,-6.842,50,1,0,35.4,28.981521739130425,1,1889.1,0,0,0.6,481.2000000000001,27.4,289,45,0,1.5333333333333332,1.2057142857142855,468.8,750.0,8.4,7.4,37.0,242.2,0,0,0,0.14991053064582477
DS06,2010,Douro Superior,380,41.0785,-6.842,57,7,0,37.0,29.642391304347825,2,1822.9,8,2,-2.4,670.3000000000001,44.9,271,54,1,1.6933333333333334,1.1757142857142855,455.7000000000001,589.1000000000001,11.1,9.5,62.7,409.4,0,0,1,0.9270531400966184
DS06,2011,Douro Superior,380,41.0785,-6.842,33,3,0,37.6,27.967391304347824,2,1969.4,6,1,-3.1,430.0,36.9,287,50,0,1.3966666666666667,1.1614285714285717,460.0,624.9,10.1,8.700000000000001,41.8,286.90000000000003,0,0,0,0.9353194571361467
DS06,2012,Douro Superior,380,41.0785,-6.842,38,8,2,38.4,28.47934782608696,3,1765.8000000000002,1,0,-0.5,430.2000000000001,25.8,287,35,0,1.5433333333333332,1.122857142857143,470.50000000000006,600.6999999999999,11.0,9.4,34.1,399.9,0,0,0,0.010526315789473684
DS06,2013,Douro Superior,380,41.0785,-6.842,53,14,0,37.7,29.493478260869573,7,1810.4000000000003,6,0,-1.6,615.0999999999999,20.3,273,51,1,1.7,1.1685714285714288,504.4,625.5,11.1,9.4,20.4,401.30000000000007,0,0,0,0.9270531400966184
DS06,2014,Douro Superior,380,41.0785,-6.842,28,2,0,36.2,27.605434782608693,1,1822.7,0,0,0.4,643.6999999999999,24.6,259,35,0,1.3866666666666667,1.062857142857143,452.6,535.6000000000001,11.2,9.5,33.0,384.9,0,0,0,0.010526315789473684
DS06,2015,Douro Superior,380,41.0785,-6.842,55,8,1,38.4,29.95652173913043,3,1956.4000000000003,1,0,-0.1,428.8,47.6,299,38,0,1.66,1.205714285714286,463.0,662.5000000000001,9.1,8.0,59.900000000000006,452.2000000000001,0,0,0,0.10851511391833972
DS06,2016,Douro Superior,380,41.0785,-6.842,63,18,1,36.9,30.1945652173913,5,1934.6,5,0,-1.2,667.5,24.6,263,47,1,1.7533333333333332,1.205714285714286,461.8,557.5,13.6,11.2,29.1,468.1,0,0,0,0.7789349781227812
DS06,2017,Douro Superior,380,41.0785,-6.842,66,17,2,39.0,30.5195652173913,7,2104.7000000000003,2,0,-1.0,430.2,30.800000000000004,293,50,1,1.7433333333333334,1.397142857142857,487.9,821.7,9.5,7.4,53.7,137.5,0,0,0,0.9381642512077295
DS06,2018,Douro Superior,380,41.0785,-6.842,56,8,5,40.0,28.654347826086955,6,1843.1,4,0,-2.0,747.3,80.10000000000001,265,62,1,1.36,1.0871428571428572,366.2000000000001,513.4,12.1,8.8,97.8,369.6,1,0,1,0.984
DS06,2019,Douro Superior,380,41.0785,-6.842,47,3,0,36.3,28.40652173913044,1,1782.8,1,0,-0.3,651.6999999999999,89.0,268,24,0,1.4566666666666668,1.1371428571428572,413.2000000000001,629.2,11.1,9.4,70.7,341.1,0,0,0,0.06802631578947368
DS06,2020,Douro Superior,380,41.0785,-6.842,62,16,0,37.9,29.839130434782607,4,1889.6,0,0,0.3,621.7,24.9,270,55,1,1.7299999999999998,1.23,488.50000000000006,591.9,11.2,9.5,32.6,453.8,0,0,1,0.8746031746031747
DS06,2021,Douro Superior,380,41.0785,-6.842,51,10,1,38.4,29.50652173913043,4,1798.5000000000005,0,0,0.4,555.5999999999999,46.3,277,31,0,1.5266666666666666,1.11,432.1,519.4000000000001,10.4,10.4,75.6,461.4,0,0,0,0.010526315789473684
DS06,2022,Douro Superior,380,41.0785,-6.842,74,34,13,42.0,32.27717391304348,13,2204.4,3,0,-0.5,724.4,41.9,272,47,1,1.9866666666666664,1.4171428571428577,508.8,689.3000000000001,11.1,9.4,40.5,345.0,1,0,0,1.0
DS06,2023,Douro Superior,380,41.0785,-6.842,63,12,4,40.5,30.38695652173913,5,2052.4,4,3,-4.1,735.5,76.80000000000001,271,72,1,1.5266666666666666,1.2,443.5,561.6,9.2,9.2,67.5,518.5,0,1,1,1.0
DS06,2024,Douro Superior,380,41.0785,-6.842,60,10,2,39.3,30.35978260869565,4,1864.6,1,0,-0.1,826.2,114.40000000000002,261,67,1,1.5599999999999998,1.092857142857143,402.5,564.2,10.9,9.3,99.20000000000002,423.5,0,0,1,0.9673333333333334
DS07,1995,Douro Superior,640,40.9875,-7.2545,25,1,1,38.5,27.30652173913044,1,1638.2,3,0,-0.4,592.3000000000001,68.3,277,40,0,1.1666666666666667,0.9542857142857144,382.00000000000006,579.4000000000001,7.800000000000001,6.9,84.7,322.7,0,0,0,0.07288461538461538
DS07,1996,Douro Superior,640,40.9875,-7.2545,26,0,0,33.7,26.79565217391304,0,1403.1999999999998,7,1,-3.1,722.8,41.8,251,29,0,1.2166666666666666,0.88,409.7,498.7000000000001,11.3,8.1,51.60000000000001,321.5,0,0,0,0.07288461538461538
DS07,1997,Douro Superior,640,40.9875,-7.2545,20,0,0,33.8,24.51521739130434,0,1503.1,0,0,3.0,764.5,129.8,262,49,1,0.92,0.8485714285714286,235.90000000000003,351.8,11.4,9.5,154.8,595.3000000000001,0,0,1,0.8746031746031747
DS07,1998,Douro Superior,640,40.9875,-7.2545,35,5,0,36.2,27.80326086956523,5,1488.2,3,1,-2.1,499.9,54.4,287,34,1,1.2966666666666666,0.8757142857142856,369.9,377.4,12.2,12.2,73.60000000000001,556.6,0,0,0,0.7231045236718165
DS07,1999,Douro Superior,640,40.9875,-7.2545,26,1,0,35.3,27.18478260869565,1,1435.7000000000005,2,0,-1.0,548.0,59.2,279,29,0,1.1766666666666667,0.8514285714285715,393.4,410.30000000000007,11.4,11.4,64.0,644.9,0,0,0,0.010526315789473684
DS07,2000,Douro Superior,640,40.9875,-7.2545,25,0,0,33.8,26.42173913043478,0,1406.4,1,0,-1.4,673.3,27.8,264,47,1,1.19,0.8571428571428571,406.1,482.9,12.2,10.0,31.6,542.5,0,0,1,0.23408238634867687
DS07,2001,Douro Superior,640,40.9875,-7.2545,29,0,0,34.7,26.7108695652174,0,1481.1999999999998,0,0,0.5,672.5,53.5,278,32,0,1.1266666666666667,0.8871428571428571,407.7,535.4,8.5,7.4,54.400000000000006,394.0,0,0,0,0.010526315789473684
DS07,2002,Douro Superior,640,40.9875,-7.2545,20,0,0,33.2,26.63369565217391,0,1379.4,3,1,-2.3,698.1,40.5,261,21,0,1.0933333333333335,0.7857142857142857,395.6,450.5,9.6,9.6,57.5,516.9000000000001,0,0,0,0.010526315789473684
DS07,2003,Douro Superior,640,40.9875,-7.2545,36,11,0,37.0,27.919565217391305,9,1598.0,0,0,1.2,677.9,50.9,278,30,1,1.2333333333333334,0.9485714285714284,393.7000000000001,563.0,10.0,8.5,69.0,555.0,0,0,0,0.6140113342790162
DS07,2004,Douro Superior,640,40.9875,-7.2545,16,0,0,34.7,27.42282608695652,0,1547.2,6,2,-5.0,369.3,42.8,307,32,0,1.1933333333333334,0.9314285714285714,413.1,539.6,9.5,8.1,56.0,424.9,0,0,0,0.060526315789473685
DS07,2005,Douro Superior,640,40.9875,-7.2545,50,2,0,37.1,29.582608695652173,2,1762.2000000000005,12,8,-5.2,437.1,12.9,302,45,1,1.586666666666667,1.137142857142857,515.2,708.1000000000001,8.8,7.6,21.1,451.3,0,1,0,0.9826086956521738
DS07,2006,Douro Superior,640,40.9875,-7.2545,45,3,0,36.1,28.292391304347824,2,1733.9,4,3,-3.4,638.5,58.0,274,27,1,1.3733333333333333,1.03,413.1,547.5000000000001,9.6,8.200000000000001,82.1,576.1000000000001,0,1,0,0.8857142857142858
DS07,2007,Douro Superior,640,40.9875,-7.2545,13,1,0,36.5,25.072826086956525,1,1373.1,3,0,-1.6,404.3,68.4,291,46,0,1.03,0.8628571428571429,331.4,432.6,11.6,8.200000000000001,95.10000000000002,392.00000000000006,0,0,0,0.0983710815922044
DS07,2008,Douro Superior,640,40.9875,-7.2545,24,1,0,35.4,26.2695652173913,1,1320.9,5,1,-2.4,446.0,17.1,277,33,0,1.12,0.8428571428571427,390.5,440.6000000000001,12.1,9.9,28.500000000000004,435.49999999999994,0,0,0,0.010526315789473684
DS07,2009,Douro Superior,640,40.9875,-7.2545,36,0,0,33.6,27.471739130434784,0,1613.6,3,0,-0.5,548.5999999999999,32.400000000000006,285,45,0,1.1966666666666663,1.002857142857143,422.0,671.7,7.4,6.6000000000000005,45.50000000000001,278.0,0,0,0,0.4417366946778711
DS07,2010,Douro Superior,640,40.9875,-7.2545,40,1,0,35.3,28.10217391304348,1,1586.2999999999995,7,3,-3.3,722.6,47.2,267,31,1,1.3733333333333333,1.0071428571428571,415.5,535.4,10.0,8.5,72.10000000000001,480.3,0,1,0,0.8857142857142858
DS07,2011,Douro Superior,640,40.9875,-7.2545,21,1,0,35.4,26.51630434782609,1,1693.0,5,1,-2.8,496.5,29.000000000000004,284,36,0,1.1333333333333335,0.9928571428571428,423.7000000000001,541.1,9.7,8.3,42.10000000000001,352.70000000000005,0,0,0,0.010526315789473684
DS07,2012,Douro Superior,640,40.9875,-7.2545,31,4,0,36.3,26.73695652173913,2,1483.4,3,0,-1.1,448.0,25.5,290,35,0,1.2033333333333334,0.9314285714285716,420.9,518.3,10.6,8.9,38.2,442.5,0,0,0,0.07288461538461538
DS07,2013,Douro Superior,640,40.9875,-7.2545,40,6,0,36.1,27.92391304347826,5,1561.2,6,3,-2.5,630.0999999999999,13.0,275,46,1,1.3966666666666667,1.002857142857143,473.6,565.7,10.0,8.5,19.8,434.2000000000001,0,1,0,0.9833333333333332
DS07,2014,Douro Superior,640,40.9875,-7.2545,20,0,0,34.0,26.03043478260869,0,1534.7999999999995,1,0,-1.7,681.9,28.3,260,33,0,1.106666666666667,0.8899999999999999,411.5,448.2000000000001,10.0,9.6,41.50000000000001,439.0,0,0,0,0.010526315789473684
DS07,2015,Douro Superior,640,40.9875,-7.2545,40,2,0,36.6,28.52282608695652,1,1674.2,2,0,-0.2,405.5,41.5,299,33,0,1.3433333333333335,1.0385714285714287,431.6,610.1000000000001,8.6,7.5,60.2,451.5,0,0,0,0.09561188811188812
DS07,2016,Douro Superior,640,40.9875,-7.2545,47,3,0,35.1,28.50869565217392,1,1637.5,6,0,-1.4,707.9000000000001,32.4,266,47,1,1.4,1.0057142857142858,423.9,519.1,12.2,10.0,38.900000000000006,544.9,0,0,1,0.8548437761069341
DS07,2017,Douro Superior,640,40.9875,-7.2545,38,5,0,37.0,28.60434782608696,3,1865.9,3,0,-1.9,392.19999999999993,40.7,298,26,1,1.3966666666666665,1.1885714285714286,455.3,770.0,8.5,6.6000000000000005,51.5,148.8,0,0,0,0.5059722624720268
DS07,2018,Douro Superior,640,40.9875,-7.2545,31,5,1,38.4,26.870652173913047,5,1637.3000000000002,3,1,-2.1,678.6,77.49999999999999,261,45,1,1.0766666666666669,0.9185714285714284,321.4,464.5,10.0,7.4,113.8,397.9000000000001,0,0,0,0.9554975845410629
DS07,2019,Douro Superior,640,40.9875,-7.2545,36,1,0,36.0,26.744565217391308,1,1567.6999999999998,0,0,0.4,578.8,71.5,273,24,0,1.153333333333333,0.9714285714285714,369.7000000000001,575.0,10.0,8.5,78.0,358.5,0,0,0,0.010526315789473684
DS07,2020,Douro Superior,640,40.9875,-7.2545,52,3,0,36.2,28.352173913043483,1,1668.9,0,0,0.4,652.7,31.3,271,54,1,1.413333333333333,1.06,456.8,558.6,10.0,8.5,35.1,482.5,0,0,1,0.9554975845410629
DS07,2021,Douro Superior,640,40.9875,-7.2545,32,3,0,36.0,27.698913043478257,2,1534.5,1,0,-0.3,584.7,62.7,278,29,0,1.2233333333333334,0.9357142857142856,390.80000000000007,458.1,10.0,10.0,82.80000000000001,493.9,0,0,0,0.06802631578947368
DS07,2022,Douro Superior,640,40.9875,-7.2545,65,21,7,41.4,30.631521739130427,9,1966.6,5,0,-2.0,617.5999999999999,47.8,270,54,1,1.6,1.22,469.5,644.8000000000001,9.9,8.4,44.8,379.3,1,0,1,1.0
DS07,2023,Douro Superior,640,40.9875,-7.2545,41,5,1,39.3,28.48478260869565,4,1829.8,3,3,-3.8,683.8999999999999,66.30000000000001,274,72,1,1.2,1.0342857142857145,385.6,484.7000000000001,8.200000000000001,8.200000000000001,95.6,584.9,0,1,1,1.0
DS07,2024,Douro Superior,640,40.9875,-7.2545,43,5,0,37.9,28.90217391304348,3,1672.0000000000002,0,0,1.4,764.4,143.20000000000002,260,52,1,1.2166666666666668,0.9071428571428573,357.8,505.2000000000001,9.9,8.4,111.7,459.3,0,0,1,0.984
DS08,1995,Douro Superior,280,41.2985,-7.1525,26,1,1,38.5,27.65434782608697,1,1691.1,3,0,-0.3,674.3,69.80000000000001,273,40,0,1.32,1.0414285714285716,383.5,542.5,10.6,9.3,87.80000000000001,340.6,0,0,0,0.085787841191067
DS08,1996,Douro Superior,280,41.2985,-7.1525,29,0,0,34.3,27.29891304347826,0,1484.5,5,1,-2.8,778.4000000000001,46.7,253,23,0,1.3866666666666667,0.9800000000000002,411.30000000000007,499.0,14.5,10.6,52.400000000000006,313.4000000000001,0,0,0,0.0770188729464034
DS08,1997,Douro Superior,280,41.2985,-7.1525,20,0,0,34.0,24.829347826086952,0,1580.5,0,0,3.1,816.4,145.3,266,66,1,1.0366666666666668,0.9342857142857144,220.4,343.7,14.0,11.7,181.7,610.3,0,0,1,0.9554285714285715
DS08,1998,Douro Superior,280,41.2985,-7.1525,39,5,0,36.7,28.319565217391304,5,1557.1999999999998,2,0,-1.3,496.2,47.60000000000001,288,34,0,1.47,0.9742857142857144,386.5,404.7000000000001,15.6,15.6,63.400000000000006,522.8000000000001,0,0,0,0.1258265769650969
DS08,1999,Douro Superior,280,41.2985,-7.1525,31,1,0,35.3,27.543478260869566,1,1498.1999999999998,2,0,-0.6,614.5,70.8,271,29,0,1.3333333333333333,0.9342857142857144,367.2000000000001,379.7000000000001,15.4,15.4,79.4,688.8,0,0,0,0.060526315789473685
DS08,2000,Douro Superior,280,41.2985,-7.1525,30,0,0,34.3,26.86304347826088,0,1473.7,3,0,-0.4,766.3,34.9,262,47,0,1.2966666666666669,0.9171428571428571,387.9,461.6,15.7,12.9,37.5,572.0,0,0,0,0.2183009637421402
DS08,2001,Douro Superior,280,41.2985,-7.1525,31,3,0,35.4,27.23043478260869,1,1558.8000000000002,0,0,0.7,782.8,64.4,278,42,0,1.28,0.977142857142857,397.7999999999999,502.7,11.9,10.3,68.7,423.8,0,0,0,0.085787841191067
DS08,2002,Douro Superior,280,41.2985,-7.1525,24,0,0,33.8,27.116304347826084,0,1456.5,2,1,-2.1,775.0,42.8,261,21,0,1.21,0.8642857142857144,395.50000000000006,451.7000000000001,12.3,12.3,59.400000000000006,531.9,0,0,0,0.0
DS08,2003,Douro Superior,280,41.2985,-7.1525,44,14,0,37.3,28.458695652173912,13,1685.6,0,0,1.7,732.8,73.69999999999999,274,29,1,1.376666666666667,1.0385714285714285,372.3,526.9000000000001,12.9,11.0,91.1,569.1,0,0,0,0.702439126695746
DS08,2004,Douro Superior,280,41.2985,-7.1525,28,1,0,35.2,27.96630434782608,1,1629.6,4,1,-3.1,398.9,49.2,305,36,0,1.346666666666667,1.0214285714285716,402.3,528.0,12.4,10.6,71.5,447.6,0,0,0,0.085787841191067
DS08,2005,Douro Superior,280,41.2985,-7.1525,56,4,0,37.3,30.097826086956527,3,1845.3,10,8,-4.5,473.00000000000006,18.9,298,39,1,1.76,1.2328571428571429,506.5,672.9000000000001,12.0,10.3,29.1,471.9,0,1,0,0.966608695652174
DS08,2006,Douro Superior,280,41.2985,-7.1525,56,6,0,36.9,29.01630434782609,3,1828.2,4,1,-2.4,704.8,53.0,270,27,0,1.5766666666666669,1.1428571428571428,437.7000000000001,550.3,12.7,12.7,64.0,578.1,0,0,0,0.11665991029843022
DS08,2007,Douro Superior,280,41.2985,-7.1525,17,1,0,37.1,25.423913043478265,1,1436.6,3,0,-1.9,426.7000000000001,81.1,291,46,0,1.1333333333333335,0.932857142857143,310.3,398.7,15.0,10.6,112.7,415.50000000000006,0,0,0,0.12418331668331668
DS08,2008,Douro Superior,280,41.2985,-7.1525,26,1,0,36.5,26.806521739130428,1,1410.9,2,0,-1.7,479.3,20.6,278,33,0,1.26,0.9257142857142858,380.1,435.6,15.7,11.3,35.50000000000001,429.2999999999999,0,0,0,0.0
DS08,2009,Douro Superior,280,41.2985,-7.1525,41,0,0,34.4,28.015217391304343,0,1714.2,0,0,0.0,617.6,36.3,281,59,1,1.3633333333333333,1.1171428571428572,423.1,675.3000000000001,10.2,9.0,51.0,279.4,0,0,1,0.9443174603174604
DS08,2010,Douro Superior,280,41.2985,-7.1525,48,3,0,36.0,28.621739130434783,1,1657.5,7,1,-2.6,762.8,46.4,267,54,1,1.51,1.0814285714285714,410.9000000000001,527.7,12.9,10.9,76.3,466.00000000000006,0,0,1,0.9826086956521738
DS08,2011,Douro Superior,280,41.2985,-7.1525,24,1,0,36.5,27.07608695652173,1,1787.6,6,2,-2.1,536.5,26.700000000000003,286,36,0,1.28,1.0885714285714283,433.5,568.2,12.7,10.8,37.3,330.80000000000007,0,0,0,0.085787841191067
DS08,2012,Douro Superior,280,41.2985,-7.1525,34,6,0,37.1,27.221739130434784,2,1567.5,1,0,-1.1,453.4,29.0,293,38,0,1.34,1.0171428571428571,416.9,514.7,13.5,11.4,42.60000000000001,433.5,0,0,0,0.13232811306340717
DS08,2013,Douro Superior,280,41.2985,-7.1525,44,7,0,36.8,28.543478260869566,5,1646.0,7,1,-2.1,664.0,16.0,273,38,0,1.5599999999999998,1.0942857142857143,475.7000000000001,558.1000000000001,12.9,10.9,21.9,422.7000000000001,0,0,0,0.7679064602109416
DS08,2014,Douro Superior,280,41.2985,-7.1525,21,1,0,35.0,26.64891304347827,1,1627.3999999999996,0,0,0.2,766.0,34.2,261,33,0,1.2533333333333336,0.982857142857143,404.1,438.4,13.4,12.1,49.9,469.4,0,0,0,0.0
DS08,2015,Douro Superior,280,41.2985,-7.1525,45,4,0,37.1,28.97499999999999,3,1753.1,0,0,0.0,448.6,49.00000000000001,296,36,0,1.4966666666666668,1.1242857142857143,419.0,563.3,11.7,10.1,71.80000000000001,492.6000000000001,0,0,0,0.055425985590050034
DS08,2016,Douro Superior,280,41.2985,-7.1525,53,8,0,35.8,29.153260869565223,2,1729.1,4,0,-1.5,767.3000000000002,26.4,261,48,0,1.59,1.1085714285714283,423.0,507.1,15.7,12.9,32.800000000000004,545.7,0,0,0,0.6530813494527482
DS08,2017,Douro Superior,280,41.2985,-7.1525,64,15,3,39.2,30.4608695652174,5,2097.6000000000004,3,0,-1.4,399.3,38.8,301,50,1,1.5533333333333337,1.2814285714285716,462.80000000000007,747.0000000000001,11.0,8.5,47.7,151.3,0,0,0,0.966608695652174
DS08,2018,Douro Superior,280,41.2985,-7.1525,51,6,5,40.2,28.614130434782613,5,1864.3,3,0,-1.6,701.7,100.5,261,66,1,1.22,1.022857142857143,318.5,457.2,14.5,10.4,119.4,401.2000000000001,1,0,1,1.0
DS08,2019,Douro Superior,280,41.2985,-7.1525,50,3,0,37.8,28.45652173913044,2,1795.9000000000003,0,0,0.7,588.0,81.3,271,27,0,1.2933333333333332,1.0599999999999998,371.6,564.6,12.9,11.0,78.9,340.4,0,0,0,0.06802631578947368
DS08,2020,Douro Superior,280,41.2985,-7.1525,64,21,1,38.5,30.05217391304348,6,1925.0,0,0,2.0,622.5,37.8,282,56,1,1.596666666666667,1.167142857142857,458.7000000000001,546.6000000000001,12.9,11.0,34.7,472.2,0,0,1,0.9381642512077295
DS08,2021,Douro Superior,280,41.2985,-7.1525,52,11,0,37.9,29.41304347826087,5,1804.3,1,0,-0.6,559.0,34.599999999999994,283,40,1,1.39,1.032857142857143,413.3,476.2000000000001,12.8,12.8,64.9,457.80000000000007,0,0,0,0.5789296771340116
DS08,2022,Douro Superior,280,41.2985,-7.1525,74,36,14,42.4,32.36413043478261,14,2200.7000000000003,1,0,-0.6,658.3,47.99999999999999,274,38,1,1.8033333333333337,1.3414285714285714,466.6,621.3000000000001,12.8,10.9,52.1,405.2000000000001,1,0,0,0.966608695652174
DS08,2023,Douro Superior,280,41.2985,-7.1525,60,10,4,40.5,30.22934782608696,5,2056.5,4,3,-3.2,725.6,115.6,268,55,1,1.3766666666666667,1.12,393.1,506.6,10.8,10.8,94.7,571.6000000000001,0,1,1,1.0
DS08,2024,Douro Superior,280,41.2985,-7.1525,56,11,1,38.8,30.07282608695652,4,1815.7,2,0,-1.1,711.3,74.8,265,51,1,1.3999999999999997,1.0042857142857144,381.30000000000007,484.1,12.8,10.9,88.89999999999999,469.2000000000001,0,0,0,0.9673333333333334
DS09,1995,Douro Superior,90,41.099,-7.1055,55,10,1,41.7,30.24891304347826,4,2221.4999999999995,0,0,1.1,546.0,62.8,279,26,0,1.7000000000000002,1.2900000000000005,428.7,629.1,9.3,8.200000000000001,72.8,304.9,0,0,0,0.04199239763739711
DS09,1996,Douro Superior,90,41.099,-7.1055,47,16,0,37.2,29.97499999999999,9,2006.5,0,0,0.4,673.6,38.9,252,22,0,1.7666666666666666,1.2128571428571429,453.0,551.4999999999999,11.7,8.6,53.5,308.8,0,0,0,0.09561188811188812
DS09,1997,Douro Superior,90,41.099,-7.1055,44,10,0,37.0,27.49565217391304,6,2115.5,0,0,5.5,720.9000000000001,120.5,269,66,1,1.37,1.157142857142857,293.0,413.50000000000006,10.2,8.9,152.7,575.9,0,0,1,0.8976190476190476
DS09,1998,Douro Superior,90,41.099,-7.1055,67,20,5,39.8,31.070652173913043,7,2060.2,0,0,1.5,451.4,50.9,290,41,0,1.87,1.2128571428571429,422.2000000000001,440.9,13.9,13.9,64.7,513.5,1,0,0,0.14991053064582477
DS09,1999,Douro Superior,90,41.099,-7.1055,65,10,1,38.8,30.213043478260875,4,2028.2,0,0,1.7,514.0,49.9,277,32,0,1.7166666666666668,1.1757142857142855,435.0,460.3,12.7,12.7,65.6,658.0,0,0,0,0.010526315789473684
DS09,2000,Douro Superior,90,41.099,-7.1055,57,15,0,37.3,29.672826086956523,3,1980.1,0,0,2.1,627.1999999999998,25.3,267,47,0,1.7,1.1685714285714286,445.4,523.5,14.0,11.5,30.4,519.2,0,0,0,0.12418331668331668
DS09,2001,Douro Superior,90,41.099,-7.1055,62,16,3,38.7,30.095652173913045,5,2104.1,0,0,4.0,600.0,48.00000000000001,279,25,0,1.6800000000000004,1.2314285714285715,445.9,587.9,9.8,8.5,57.2,398.4,0,0,0,0.060526315789473685
DS09,2002,Douro Superior,90,41.099,-7.1055,53,9,0,36.6,29.759782608695648,3,1970.9,0,0,0.5,638.1,44.4,263,44,0,1.5933333333333335,1.0914285714285714,434.5,506.5,10.9,10.9,60.10000000000001,521.2,0,0,0,0.14176573426573427
DS09,2003,Douro Superior,90,41.099,-7.1055,70,26,15,40.3,31.2858695652174,17,2226.5,0,0,4.0,623.9,47.70000000000001,277,29,0,1.8033333333333337,1.302857142857143,425.8,589.3000000000001,11.5,9.8,72.4,546.5000000000001,1,0,0,0.29120481060953124
DS09,2004,Douro Superior,90,41.099,-7.1055,70,11,1,38.0,30.63369565217392,5,2132.2,1,1,-2.1,356.70000000000005,32.8,305,37,0,1.7433333333333334,1.268571428571429,448.1,584.1,10.9,9.3,59.8,435.00000000000006,0,0,0,0.10375668449197861
DS09,2005,Douro Superior,90,41.099,-7.1055,83,30,3,39.9,32.721739130434784,6,2367.1000000000004,5,1,-2.4,408.9,13.9,309,48,1,2.1999999999999997,1.5057142857142856,547.7,743.5,10.3,8.9,22.3,463.7000000000001,0,0,0,0.9833333333333332
DS09,2006,Douro Superior,90,41.099,-7.1055,79,21,4,39.5,31.563043478260862,10,2375.3,1,0,-0.7,564.5,44.6,277,28,0,1.9666666666666668,1.3985714285714288,469.2000000000001,605.2000000000002,10.9,10.2,61.900000000000006,555.1,0,0,0,0.21796536796536797
DS09,2007,Douro Superior,90,41.099,-7.1055,39,7,1,40.3,28.141304347826093,4,1960.2,0,0,1.1,399.19999999999993,70.4,292,46,0,1.5,1.16,381.30000000000007,476.9,12.4,9.0,95.4,390.99999999999994,0,0,0,0.10851511391833972
DS09,2008,Douro Superior,90,41.099,-7.1055,42,8,1,39.4,29.463043478260868,3,1918.7,0,0,0.9,423.6,14.1,284,33,0,1.6333333333333335,1.1557142857142857,437.30000000000007,493.5,13.9,11.5,25.5,409.9000000000001,0,0,0,0.0
DS09,2009,Douro Superior,90,41.099,-7.1055,73,18,0,36.9,30.532608695652176,8,2204.1,0,0,2.7,486.0999999999999,21.5,292,59,1,1.7433333333333334,1.3585714285714283,467.7000000000001,735.8000000000001,9.0,7.9,38.0,264.1,0,0,1,0.915873015873016
DS09,2010,Douro Superior,90,41.099,-7.1055,75,22,3,38.6,31.37934782608696,7,2184.1,1,0,-0.1,660.4000000000001,40.2,271,31,0,1.94,1.3485714285714283,456.2000000000001,593.0,11.5,9.8,62.00000000000001,448.0,0,0,0,0.11665991029843022
DS09,2011,Douro Superior,90,41.099,-7.1055,64,8,1,39.6,29.67065217391305,3,2322.7,0,0,0.1,435.9,27.5,284,36,0,1.643333333333333,1.3342857142857143,467.7000000000001,615.1000000000001,11.0,9.4,38.2,321.70000000000005,0,0,0,0.0
DS09,2012,Douro Superior,90,41.099,-7.1055,60,18,6,39.9,29.957608695652173,5,2057.0,0,0,2.0,405.0,24.200000000000003,291,35,0,1.7333333333333334,1.2642857142857145,465.9,584.7,11.3,9.7,36.2,420.1,1,0,0,0.06756765605894591
DS09,2013,Douro Superior,90,41.099,-7.1055,70,21,6,39.6,31.20760869565217,10,2146.6,0,0,0.6,591.4,16.8,274,46,0,1.96,1.3457142857142856,508.0,620.0000000000001,11.4,9.7,18.4,421.0,1,0,0,0.35609943977591035
DS09,2014,Douro Superior,90,41.099,-7.1055,48,7,1,38.1,29.30978260869565,2,2163.7000000000003,0,0,1.9,633.7,23.8,262,33,0,1.6133333333333333,1.2185714285714286,454.5,514.4000000000001,11.5,9.8,38.0,430.1,0,0,0,0.010526315789473684
DS09,2015,Douro Superior,90,41.099,-7.1055,72,18,4,40.4,31.664130434782617,4,2301.8,0,0,2.4,406.6,39.8,299,38,0,1.913333333333333,1.3871428571428572,464.7,649.0000000000001,10.0,8.700000000000001,58.30000000000001,468.30000000000007,0,0,0,0.23087662337662335
DS09,2016,Douro Superior,90,41.099,-7.1055,76,30,6,38.5,31.85760869565217,6,2256.8,0,0,1.1,651.2,24.8,268,47,1,2.0,1.362857142857143,459.0,548.1,14.0,11.5,32.1,504.9000000000001,1,0,0,0.9554285714285715
DS09,2017,Douro Superior,90,41.099,-7.1055,91,34,11,41.4,32.672826086956526,9,2510.4,0,0,0.6,387.7,35.8,300,50,1,1.98,1.5671428571428572,491.8,801.9,9.8,7.6,48.400000000000006,138.60000000000002,1,0,0,1.0
DS09,2018,Douro Superior,90,41.099,-7.1055,89,20,6,43.0,31.092391304347824,6,2248.9,0,0,0.3,675.9,77.5,272,100,1,1.5933333333333335,1.2557142857142858,374.9,516.5,11.5,8.5,99.0,371.2000000000001,1,0,1,0.9833333333333332
DS09,2019,Douro Superior,90,41.099,-7.1055,78,18,2,40.1,30.718478260869563,4,2189.0,0,0,1.9,562.7,66.9,283,27,0,1.6733333333333336,1.3057142857142858,412.4,625.4000000000001,11.5,9.8,72.80000000000001,340.0,0,0,0,0.0734295415959253
DS09,2020,Douro Superior,90,41.099,-7.1055,86,41,12,40.5,32.37608695652174,10,2323.6,0,0,3.0,601.3,20.200000000000003,287,77,1,2.0,1.4228571428571428,493.9,597.5,11.5,9.8,32.7,468.1,1,0,1,0.9835584011313907
DS09,2021,Douro Superior,90,41.099,-7.1055,73,23,6,41.0,31.77173913043477,7,2221.3,0,0,1.8,515.8,44.7,294,56,0,1.7733333333333334,1.2742857142857142,443.9,531.9000000000001,11.1,11.1,68.4,471.1,1,0,0,0.9443174603174604
DS09,2022,Douro Superior,90,41.099,-7.1055,98,58,31,44.9,34.66847826086956,16,2630.8,0,0,1.5,628.8,29.5,277,38,1,2.24,1.617142857142857,506.00000000000006,684.8,11.4,9.7,39.8,371.7000000000001,1,0,0,0.966608695652174
DS09,2023,Douro Superior,90,41.099,-7.1055,88,28,11,42.6,32.61304347826087,7,2485.4000000000005,4,1,-2.2,706.4000000000001,52.2,277,72,1,1.7666666666666668,1.3842857142857146,440.6,555.5,9.6,9.6,77.4,558.5,1,0,1,1.0
DS09,2024,Douro Superior,90,41.099,-7.1055,77,37,8,41.9,32.91195652173913,11,2287.5,0,0,2.1,750.9000000000001,69.30000000000001,271,67,1,1.7933333333333332,1.2557142857142856,413.7000000000001,564.7,11.3,9.7,91.0,444.7999999999999,1,0,1,1.0
